1,Jayne,Burchmore,jburchmore0@unicef.org,Female,78395,23
2,Anna,De Paoli,adepaoli1@t.co,Female,102972,28
3,Abbott,Itzchaki,aitzchaki2@bloglovin.com,Male,178876,12
4,Callean,Mayer,cmayer3@cyberchimps.com,Male,177153,13
5,Burl,Heikkinen,bheikkinen4@unesco.org,Male,140490,38
6,Abagail,Curman,acurman5@pcworld.com,Female,59824,10
7,Korey,Campo,kcampo6@amazon.co.uk,Male,158004,4
8,Avivah,Robberts,arobberts7@examiner.com,Female,50560,16
9,Liv,Ballentime,lballentime8@rakuten.co.jp,Female,66103,28
10,Lucien,Suggett,lsuggett9@nbcnews.com,Male,104876,11
11,Egan,Treece,etreecea@uiuc.edu,Male,138376,3
12,Archy,Shurrock,ashurrockb@house.gov,Male,108782,35
13,Rozina,Corbould,rcorbouldc@paginegialle.it,Female,164377,18
14,Hadley,Sharply,hsharplyd@slashdot.org,Male,183857,2
15,Alister,Gummary,agummarye@salon.com,Non-binary,52445,16
16,Josh,Casado,jcasadof@independent.co.uk,Male,57266,37
17,Rodge,Corradino,rcorradinog@ucoz.com,Male,52688,36
18,Jamil,Buckingham,jbuckinghamh@google.com.hk,Male,45545,14
19,Heather,Tomashov,htomashovi@guardian.co.uk,Female,84000,20
20,Normand,Fries,nfriesj@umich.edu,Male,192550,17
21,Horatius,Cassius,hcassiusk@livejournal.com,Male,132240,8
22,Shelden,Belhome,sbelhomel@slideshare.net,Male,83459,8
23,Amerigo,Stonehouse,astonehousem@parallels.com,Male,150403,18
24,Mackenzie,Burley,mburleyn@microsoft.com,Male,47739,4
25,Elle,Ganley,eganleyo@51.la,Female,168777,14
26,Jackquelin,Kernan,jkernanp@twitter.com,Female,185607,13
27,Bendicty,Theodore,btheodoreq@apache.org,Male,30384,18
28,Kiele,Taill,ktaillr@ted.com,Genderqueer,48331,38
29,Danya,Labadini,dlabadinis@psu.edu,Female,161541,27
30,Zeke,Scarratt,zscarrattt@imdb.com,Male,49794,21
31,Brandyn,Thurling,bthurlingu@homestead.com,Male,190162,14
32,Warde,Winstanley,wwinstanleyv@ycombinator.com,Male,115150,14
33,Leigha,Geale,lgealew@diigo.com,Female,69607,38
34,Early,Stickland,esticklandx@sogou.com,Male,58082,20
35,Matthew,Eixenberger,meixenbergery@unc.edu,Male,179249,33
36,Ozzie,Abberley,oabberleyz@examiner.com,Male,39034,4
37,Marv,Louisot,mlouisot10@miibeian.gov.cn,Male,88441,28
38,Sacha,Sprankling,ssprankling11@twitpic.com,Female,56575,7
39,Bertrand,Bilton,bbilton12@marketwatch.com,Agender,71063,36
40,Brody,Kerins,bkerins13@twitter.com,Male,94675,23
41,Susanetta,Piatkowski,spiatkowski14@barnesandnoble.com,Female,134068,18
42,Emanuel,Inker,einker15@jalbum.net,Male,124013,11
43,Vincenty,Stirrup,vstirrup16@stumbleupon.com,Male,65535,6
44,Bailey,Kenelin,bkenelin17@purevolume.com,Genderqueer,59211,28
45,Nance,Hoyte,nhoyte18@businesswire.com,Female,42171,20
46,Fanchon,Kundert,fkundert19@sphinn.com,Female,136705,32
47,Tailor,Wellen,twellen1a@omniture.com,Male,95001,1
48,Daryl,Weippert,dweippert1b@lulu.com,Female,90735,35
49,Kellsie,Vears,kvears1c@illinois.edu,Female,143966,7
50,Elena,Dell Casa,edellcasa1d@last.fm,Female,55736,30
51,Gray,Aslett,gaslett1e@thetimes.co.uk,Female,56982,30
52,Tamqrah,Brockhurst,tbrockhurst1f@example.com,Bigender,139741,35
53,Glad,Enrich,genrich1g@behance.net,Female,166726,31
54,Norean,Alexis,nalexis1h@miibeian.gov.cn,Genderfluid,126098,30
55,Carline,Sieb,csieb1i@bandcamp.com,Female,63444,25
56,Gerta,Renney,grenney1j@archive.org,Female,51272,10
57,Elysee,Tour,etour1k@biglobe.ne.jp,Female,130643,9
58,Launce,McKirton,lmckirton1l@ted.com,Male,154550,21
59,Sean,Koppeck,skoppeck1m@uol.com.br,Male,126373,6
60,Niels,Dytham,ndytham1n@ustream.tv,Male,176581,2
61,Hamlin,Arunowicz,harunowicz1o@trellian.com,Male,118116,13
62,Hymie,Bennion,hbennion1p@nymag.com,Male,124182,33
63,Pru,Tuhy,ptuhy1q@wired.com,Female,145621,11
64,Vaughan,Seemmonds,vseemmonds1r@nih.gov,Male,158744,13
65,Ted,O'Rowane,torowane1s@nba.com,Non-binary,96924,15
66,Beatrix,Joontjes,bjoontjes1t@infoseek.co.jp,Female,65600,1
67,Moss,Sterre,msterre1u@sciencedirect.com,Male,124102,11
68,Ashlee,Gorler,agorler1v@paginegialle.it,Female,42896,34
69,Joel,Ipsgrave,jipsgrave1w@shareasale.com,Male,113898,34
70,Llewellyn,Paroni,lparoni1x@jalbum.net,Genderfluid,127512,3
71,Astrix,Berrington,aberrington1y@wordpress.org,Female,160406,27
72,Clayton,Prantoni,cprantoni1z@dailymotion.com,Male,64684,22
73,Adora,Doe,adoe20@google.nl,Female,156969,35
74,Amble,Shellsheere,ashellsheere21@ucoz.com,Male,68716,31
75,Patrick,Clancey,pclancey22@ow.ly,Bigender,38117,22
76,Olympia,Jaynes,ojaynes23@state.tx.us,Female,46670,39
77,Aurora,Winning,awinning24@fda.gov,Female,114760,10
78,Kele,Metson,kmetson25@tamu.edu,Male,164566,20
79,Cristie,Harnwell,charnwell26@wufoo.com,Female,67034,34
80,Rosanna,Shoosmith,rshoosmith27@cbslocal.com,Female,83032,3
81,Genni,Sirr,gsirr28@cdbaby.com,Female,156038,1
82,Leonard,Gossipin,lgossipin29@fc2.com,Male,75294,23
83,Quintin,Sneezem,qsneezem2a@amazon.com,Bigender,134300,12
84,Hoebart,Stanluck,hstanluck2b@tumblr.com,Male,62113,2
85,Sig,Morat,smorat2c@google.ru,Male,167234,34
86,Sibyl,Rogez,srogez2d@tumblr.com,Non-binary,182717,11
87,Helga,Delbergue,hdelbergue2e@jalbum.net,Female,145200,4
88,Demetria,Bareford,dbareford2f@omniture.com,Female,136894,32
89,Sol,Featherstonhaugh,sfeatherstonhaugh2g@typepad.com,Male,172753,36
90,Isaiah,Pech,ipech2h@ehow.com,Male,81637,34
91,Cobb,Hunnam,chunnam2i@soundcloud.com,Male,37539,17
92,Taylor,Vargas,tvargas2j@epa.gov,Male,127853,8
93,Melitta,Deighton,mdeighton2k@macromedia.com,Female,140798,8
94,Helge,Guisler,hguisler2l@who.int,Female,85257,7
95,Murdock,Skaife,mskaife2m@mapquest.com,Male,176490,18
96,Kilian,Eixenberger,keixenberger2n@ucsd.edu,Male,39497,36
97,Lorettalorna,Stapleford,lstapleford2o@admin.ch,Female,146152,31
98,Don,Gutierrez,dgutierrez2p@domainmarket.com,Male,105981,3
99,Gabriel,Ilden,gilden2q@123-reg.co.uk,Female,144021,26
100,Ammamaria,Duligall,aduligall2r@utexas.edu,Female,138108,3
101,Langsdon,Moral,lmoral2s@deviantart.com,Male,41784,10
102,Sonny,Small,ssmall2t@europa.eu,Genderfluid,194545,33
103,Rozina,Biever,rbiever2u@cafepress.com,Female,169776,26
104,Gavan,Drysdall,gdrysdall2v@people.com.cn,Genderfluid,89343,12
105,Juliet,Glassopp,jglassopp2w@sciencedirect.com,Female,128969,40
106,Bettine,Hastie,bhastie2x@cisco.com,Female,133869,8
107,Moise,Couroy,mcouroy2y@ucoz.com,Male,154105,33
108,Tris,Sainteau,tsainteau2z@wisc.edu,Male,63436,1
109,Tab,Earles,tearles30@cbslocal.com,Male,181335,13
110,Yardley,Rathmell,yrathmell31@harvard.edu,Male,47996,16
111,Micky,Douglas,mdouglas32@baidu.com,Male,156014,13
112,Yorker,Northin,ynorthin33@youtube.com,Male,107790,36
113,Arie,Bocock,abocock34@arizona.edu,Male,162672,33
114,Hy,Le Barr,hlebarr35@a8.net,Male,188144,33
115,Jory,Philippsohn,jphilippsohn36@answers.com,Male,63952,17
116,Joice,Libermore,jlibermore37@gmpg.org,Female,187634,33
117,Allina,Caunter,acaunter38@tinypic.com,Female,105676,39
118,Colas,Burdas,cburdas39@livejournal.com,Male,181336,39
119,Ofelia,Geharke,ogeharke3a@drupal.org,Female,190546,14
120,Manuel,Calley,mcalley3b@bluehost.com,Male,138171,37
121,Moe,Erat,merat3c@51.la,Male,140969,19
122,Emlynn,Hove,ehove3d@toplist.cz,Female,80800,35
123,Dugald,Frazer,dfrazer3e@addthis.com,Male,151834,38
124,Burtie,Braim,bbraim3f@dmoz.org,Male,179226,3
125,Tadeas,Barrington,tbarrington3g@ehow.com,Male,88988,13
126,Jasmina,Duiged,jduiged3h@nydailynews.com,Genderqueer,137980,32
127,Cristin,Sebert,csebert3i@mac.com,Female,164790,11
128,Emmanuel,Di Baudi,edibaudi3j@bloglines.com,Male,137673,38
129,Daven,Goodall,dgoodall3k@prweb.com,Male,192628,18
130,Dewitt,Weetch,dweetch3l@weebly.com,Male,89550,38
131,Caressa,Perry,cperry3m@mit.edu,Female,160856,8
132,Roxine,De la Perrelle,rdelaperrelle3n@techcrunch.com,Female,183690,16
133,Allissa,Haughian,ahaughian3o@ca.gov,Female,91500,39
134,Karmen,McKinn,kmckinn3p@artisteer.com,Female,143698,35
135,Erik,Ready,eready3q@mapquest.com,Male,157253,7
136,Dud,Hatwell,dhatwell3r@addthis.com,Male,139544,25
137,Ddene,Remon,dremon3s@exblog.jp,Female,40329,11
138,Coop,Upstone,cupstone3t@shutterfly.com,Male,161637,16
139,Cybill,Ege,cege3u@acquirethisname.com,Female,188529,2
140,Joey,Densie,jdensie3v@storify.com,Female,173421,22
141,Poul,Bascombe,pbascombe3w@prnewswire.com,Male,128503,22
142,Quinn,Pressey,qpressey3x@odnoklassniki.ru,Male,184344,35
143,Blaine,Tosspell,btosspell3y@huffingtonpost.com,Male,47677,38
144,Sharona,Beldan,sbeldan3z@51.la,Agender,87437,39
145,Stephannie,Mines,smines40@qq.com,Female,199789,30
146,Lindie,Glading,lglading41@earthlink.net,Female,82908,36
147,Abby,Meekin,ameekin42@google.fr,Female,41830,26
148,Ruth,Hindes,rhindes43@hhs.gov,Female,157987,33
149,Griff,Lundberg,glundberg44@nps.gov,Male,161137,6
150,Gabbie,Simco,gsimco45@smugmug.com,Bigender,147635,34
151,Boyd,Van Halen,bvanhalen46@seattletimes.com,Male,52914,36
152,Kelbee,Raiker,kraiker47@phoca.cz,Male,133183,19
153,Marcile,Limbert,mlimbert48@theguardian.com,Female,117156,10
154,Korie,Martinho,kmartinho49@vistaprint.com,Female,125758,38
155,Robers,Kolushev,rkolushev4a@wunderground.com,Polygender,129676,7
156,Paige,Tams,ptams4b@joomla.org,Female,110805,9
157,Bessy,Sheron,bsheron4c@networkadvertising.org,Female,128324,38
158,Rockwell,Tourle,rtourle4d@eventbrite.com,Male,74809,23
159,Padraic,MacDuffie,pmacduffie4e@miibeian.gov.cn,Male,194052,26
160,Magdalena,Emmanueli,memmanueli4f@nhs.uk,Female,134011,3
161,Allard,Madre,amadre4g@wiley.com,Male,131142,5
162,Oliviero,Kingescot,okingescot4h@addtoany.com,Male,73179,26
163,Claudius,Binden,cbinden4i@cpanel.net,Male,52832,9
164,Corbin,Duferie,cduferie4j@hibu.com,Male,105994,21
165,Heindrick,Murrhaupt,hmurrhaupt4k@yandex.ru,Male,196969,31
166,Eloisa,Scotney,escotney4l@harvard.edu,Female,56186,25
167,Cristobal,Smogur,csmogur4m@wp.com,Male,83410,28
168,Lucina,Skull,lskull4n@japanpost.jp,Female,114642,33
169,Wilmar,Salt,wsalt4o@list-manage.com,Male,166502,34
170,Mirna,Vaan,mvaan4p@home.pl,Female,76947,30
171,Lilah,Ibarra,libarra4q@admin.ch,Female,47910,32
172,Minni,Piche,mpiche4r@prweb.com,Female,154448,20
173,Irv,Stiegers,istiegers4s@theguardian.com,Male,129446,15
174,Nady,Mougel,nmougel4t@woothemes.com,Non-binary,52654,35
175,Alisha,Fullerlove,afullerlove4u@cbslocal.com,Female,53241,40
176,Bayard,Stooders,bstooders4v@netvibes.com,Male,147171,11
177,Philippe,Kleimt,pkleimt4w@spotify.com,Polygender,140332,22
178,Querida,McKerlie,qmckerlie4x@bigcartel.com,Female,42282,2
179,Catriona,Peschet,cpeschet4y@unc.edu,Female,189529,38
180,Kinsley,Godsafe,kgodsafe4z@dagondesign.com,Non-binary,32027,1
181,Brittany,Chansonne,bchansonne50@bloomberg.com,Female,62749,9
182,Simmonds,D'Aguanno,sdaguanno51@bandcamp.com,Male,75313,8
183,Cornie,Axel,caxel52@vkontakte.ru,Female,42031,3
184,Merell,Penbarthy,mpenbarthy53@goo.ne.jp,Polygender,42128,10
185,Beauregard,Matuszak,bmatuszak54@storify.com,Male,174689,32
186,Corrine,De Matteis,cdematteis55@moonfruit.com,Female,147160,24
187,Bron,Mahody,bmahody56@jugem.jp,Male,188028,10
188,Kacy,Jiricka,kjiricka57@sciencedaily.com,Polygender,111008,17
189,Meredith,Lynd,mlynd58@skype.com,Female,118573,39
190,Crysta,Warrior,cwarrior59@who.int,Female,181850,13
191,Hiram,Monck,hmonck5a@chron.com,Male,115289,39
192,Keen,Barnsdall,kbarnsdall5b@china.com.cn,Male,58659,9
193,Ray,Luxon,rluxon5c@uiuc.edu,Male,167915,21
194,Joelly,Upshall,jupshall5d@dagondesign.com,Female,165011,29
195,Aland,Maytom,amaytom5e@spotify.com,Male,61231,32
196,Hester,Cummings,hcummings5f@ifeng.com,Female,163569,38
197,Frannie,Evelyn,fevelyn5g@ebay.co.uk,Male,128642,34
198,Valentijn,Alessandrucci,valessandrucci5h@issuu.com,Male,120857,11
199,Maryellen,Sponder,msponder5i@hugedomains.com,Female,115040,39
200,Lilyan,de Keep,ldekeep5j@gov.uk,Female,116867,34
201,Basil,Howat,bhowat5k@bizjournals.com,Male,155390,30
202,Dell,Iliff,diliff5l@go.com,Male,154963,35
203,Bernette,Hallut,bhallut5m@theglobeandmail.com,Genderfluid,139733,39
204,Yehudi,Batterton,ybatterton5n@shutterfly.com,Male,110993,9
205,Bendix,Glendzer,bglendzer5o@howstuffworks.com,Male,109692,19
206,Henri,Jeayes,hjeayes5p@reverbnation.com,Male,48207,26
207,Keven,Heale,kheale5q@chronoengine.com,Male,91344,3
208,Linus,Corbett,lcorbett5r@joomla.org,Male,118121,11
209,Ddene,Howat,dhowat5s@blogger.com,Female,144259,28
210,Emilio,Esterbrook,eesterbrook5t@washington.edu,Male,168574,15
211,Burnard,Zamora,bzamora5u@illinois.edu,Male,53594,29
212,Randy,Chitty,rchitty5v@typepad.com,Female,171419,28
213,Zorah,Turpey,zturpey5w@vinaora.com,Female,191744,2
214,Dulcinea,Deboy,ddeboy5x@geocities.com,Female,44827,30
215,Amity,Virgo,avirgo5y@meetup.com,Female,90064,28
216,Danny,Dennison,ddennison5z@fc2.com,Male,190461,2
217,Ermanno,Girogetti,egirogetti60@amazon.com,Male,86801,27
218,Taddeusz,Sleath,tsleath61@narod.ru,Male,160731,19
219,Beitris,Hebble,bhebble62@blogtalkradio.com,Female,135611,14
220,Shelli,Schneider,sschneider63@creativecommons.org,Female,57105,2
221,Domini,Bentame,dbentame64@mlb.com,Female,136864,36
222,Ariel,Schulter,aschulter65@dell.com,Female,158481,28
223,Thorndike,Knudsen,tknudsen66@prweb.com,Male,156674,21
224,Gothart,Krysztowczyk,gkrysztowczyk67@google.pl,Genderfluid,80497,11
225,Ax,Clapperton,aclapperton68@digg.com,Male,167068,2
226,Helge,Obispo,hobispo69@engadget.com,Female,161022,40
227,Tobe,Cowoppe,tcowoppe6a@msu.edu,Female,158349,17
228,Merry,Eaden,meaden6b@artisteer.com,Male,98889,35
229,Evvy,Oakeby,eoakeby6c@chron.com,Genderfluid,197029,5
230,Ynez,Yurlov,yyurlov6d@instagram.com,Female,97685,32
231,Eal,Btham,ebtham6e@wsj.com,Male,149562,14
232,Leticia,Kleinholz,lkleinholz6f@skype.com,Female,182360,23
233,Farra,Hilary,fhilary6g@senate.gov,Female,148080,6
234,Pippa,Guittet,pguittet6h@wunderground.com,Bigender,144025,20
235,Blaire,Sultan,bsultan6i@edublogs.org,Female,110205,23
236,Herbie,Dunrige,hdunrige6j@domainmarket.com,Male,56952,23
237,Lindsey,Scatchar,lscatchar6k@businessweek.com,Female,100765,40
238,Wenonah,Galbreath,wgalbreath6l@washingtonpost.com,Female,133468,8
239,Tabbatha,Gameson,tgameson6m@ebay.co.uk,Female,66215,14
240,Denney,Rickersey,drickersey6n@ustream.tv,Polygender,143462,30
241,Adelheid,Izhak,aizhak6o@free.fr,Female,130753,2
242,Margarethe,Rydzynski,mrydzynski6p@alibaba.com,Female,32552,34
243,Ginger,Barnshaw,gbarnshaw6q@mail.ru,Male,44528,37
244,Bobby,Swyer-Sexey,bswyersexey6r@ustream.tv,Non-binary,129781,22
245,Juliann,Cawse,jcawse6s@pinterest.com,Female,125568,33
246,Tedmund,Vagges,tvagges6t@addtoany.com,Male,106630,11
247,Ulrike,Kloska,ukloska6u@nbcnews.com,Female,64165,5
248,Emory,Whaley,ewhaley6v@nationalgeographic.com,Male,195101,14
249,Valentia,Perchard,vperchard6w@home.pl,Female,122902,6
250,Byrom,Kernermann,bkernermann6x@webmd.com,Male,41911,39
251,Ringo,Dowderswell,rdowderswell6y@123-reg.co.uk,Male,83037,1
252,Mair,Hanrahan,mhanrahan6z@cpanel.net,Female,170066,36
253,Selie,Easter,seaster70@sourceforge.net,Female,114706,21
254,Bartholomeo,Wesgate,bwesgate71@yolasite.com,Male,58708,30
255,Vally,Buyers,vbuyers72@xinhuanet.com,Female,117914,15
256,Kenon,Ipgrave,kipgrave73@topsy.com,Male,136823,11
257,Mandy,Bloan,mbloan74@wufoo.com,Female,50979,13
258,Kristel,Nelissen,knelissen75@japanpost.jp,Female,110516,4
259,Sharon,Addy,saddy76@photobucket.com,Bigender,185292,9
260,Amie,Marrian,amarrian77@infoseek.co.jp,Female,87149,33
261,Corny,Mungan,cmungan78@mapy.cz,Male,105046,9
262,Peder,Dockerty,pdockerty79@state.tx.us,Male,140774,1
263,Cori,Tuckett,ctuckett7a@acquirethisname.com,Female,172517,7
264,Dolf,Lamplough,dlamplough7b@wp.com,Male,82277,26
265,Leonelle,Hostan,lhostan7c@rediff.com,Female,149706,34
266,Jule,Choudhury,jchoudhury7d@so-net.ne.jp,Male,50945,25
267,Quinn,Berends,qberends7e@squarespace.com,Male,89575,28
268,Riannon,Andriulis,randriulis7f@craigslist.org,Female,121163,18
269,Quentin,Halgarth,qhalgarth7g@cisco.com,Female,180018,1
270,Lothaire,Bengal,lbengal7h@boston.com,Male,115828,17
271,Hephzibah,Panichelli,hpanichelli7i@skype.com,Female,199793,21
272,Felita,Orpyne,forpyne7j@msu.edu,Female,38802,28
273,Rora,Jahner,rjahner7k@bloomberg.com,Female,109806,15
274,Nikolaus,MacGuiness,nmacguiness7l@microsoft.com,Male,67877,21
275,Gertrude,Coller,gcoller7m@woothemes.com,Female,71067,16
276,Josefina,Checketts,jchecketts7n@hao123.com,Female,119652,2
277,Ingra,Plomer,iplomer7o@cnbc.com,Male,123773,21
278,Doretta,Currall,dcurrall7p@soup.io,Female,136223,10
279,Beitris,Morant,bmorant7q@issuu.com,Female,172852,40
280,Dick,Purvis,dpurvis7r@theglobeandmail.com,Male,156933,11
281,Harris,Pick,hpick7s@arizona.edu,Male,153530,3
282,Sergent,Latore,slatore7t@ox.ac.uk,Male,162593,27
283,Brian,Quernel,bquernel7u@paypal.com,Male,94960,26
284,Darrelle,Zarb,dzarb7v@yellowbook.com,Female,116777,16
285,Waylon,Seemmonds,wseemmonds7w@typepad.com,Male,43661,24
286,Aili,Larvin,alarvin7x@friendfeed.com,Female,90811,36
287,Scarlet,Hirche,shirche7y@pinterest.com,Agender,49201,28
288,Michel,Sandison,msandison7z@tamu.edu,Male,77942,10
289,Garrek,Cosser,gcosser80@google.com.br,Male,176386,27
290,Katrina,Tolerton,ktolerton81@biblegateway.com,Female,69443,22
291,Mindy,Rupke,mrupke82@harvard.edu,Female,71833,29
292,Casi,Coare,ccoare83@amazon.co.uk,Female,41602,36
293,Betsey,Calcut,bcalcut84@e-recht24.de,Female,95582,37
294,Fabe,Innocenti,finnocenti85@lycos.com,Male,39757,15
295,Gene,Lippiett,glippiett86@theguardian.com,Male,103515,3
296,Erinna,Kenright,ekenright87@imageshack.us,Female,192596,31
297,Isobel,Poppleton,ipoppleton88@mysql.com,Female,41871,21
298,Maurizio,Gillings,mgillings89@squidoo.com,Male,162887,2
299,Kristos,Ruddiforth,kruddiforth8a@reuters.com,Male,154064,32
300,Dionne,Waslin,dwaslin8b@sphinn.com,Female,160328,37
301,Rutter,Adenet,radenet8c@diigo.com,Male,44265,9
302,Kali,Thickpenny,kthickpenny8d@elegantthemes.com,Female,121047,1
303,Odo,Moffet,omoffet8e@ibm.com,Male,145078,8
304,Eloisa,Pickover,epickover8f@fastcompany.com,Polygender,67399,32
305,Nicola,Slocombe,nslocombe8g@amazon.co.uk,Female,59965,38
306,Christy,Petken,cpetken8h@pcworld.com,Male,71112,31
307,Jillayne,Maria,jmaria8i@cam.ac.uk,Female,191426,27
308,Leicester,Possel,lpossel8j@thetimes.co.uk,Male,198816,3
309,Katlin,Bushill,kbushill8k@eepurl.com,Non-binary,135976,7
310,Yvette,McTrustram,ymctrustram8l@berkeley.edu,Female,113524,13
311,Pepillo,Hryskiewicz,phryskiewicz8m@foxnews.com,Male,179285,30
312,Skipper,Emnoney,semnoney8n@irs.gov,Male,143242,27
313,Caesar,Onians,conians8o@nationalgeographic.com,Male,157189,22
314,Kendricks,Osgar,kosgar8p@mapy.cz,Male,167771,37
315,Prince,Rupprecht,prupprecht8q@ed.gov,Male,122411,16
316,Carmelita,Habbes,chabbes8r@blogger.com,Female,150705,34
317,Cecelia,Harg,charg8s@multiply.com,Female,172146,19
318,Ignace,Vell,ivell8t@latimes.com,Male,37385,4
319,Haskell,Hoonahan,hhoonahan8u@amazon.com,Male,186081,40
320,Lazar,Quarry,lquarry8v@hugedomains.com,Male,56635,37
321,Danice,Kibel,dkibel8w@apple.com,Female,82085,2
322,Murray,Burbridge,mburbridge8x@163.com,Genderfluid,33439,3
323,Gorden,Klus,gklus8y@mtv.com,Male,107719,11
324,Pierette,McGibbon,pmcgibbon8z@wordpress.com,Female,198871,20
325,Evelina,Boundey,eboundey90@samsung.com,Female,133247,11
326,Alexis,McAleese,amcaleese91@deviantart.com,Female,191758,32
327,Granny,Tear,gtear92@netvibes.com,Male,162330,31
328,Flora,Atte-Stone,fattestone93@hugedomains.com,Non-binary,79227,6
329,Hollyanne,De la Perrelle,hdelaperrelle94@google.co.jp,Female,84125,8
330,Vladimir,Bottle,vbottle95@weibo.com,Male,198388,38
331,Hugibert,Jedryka,hjedryka96@people.com.cn,Male,98776,8
332,Kearney,Justun,kjustun97@unesco.org,Male,59624,25
333,Marta,Ezzell,mezzell98@java.com,Female,69544,2
334,Boote,Blain,bblain99@ameblo.jp,Male,88227,31
335,Kent,Juszczak,kjuszczak9a@barnesandnoble.com,Male,31713,11
336,Faber,Goldsmith,fgoldsmith9b@ed.gov,Male,160349,36
337,Claudie,Ivanuschka,civanuschka9c@wp.com,Female,158201,21
338,Camala,Winscomb,cwinscomb9d@yahoo.co.jp,Polygender,116426,18
339,Luca,Glenny,lglenny9e@wikispaces.com,Male,43379,29
340,Hillary,Pettman,hpettman9f@vimeo.com,Female,53824,28
341,Francisco,Ramsbotham,framsbotham9g@ycombinator.com,Male,177533,30
342,Sibylle,Crickmoor,scrickmoor9h@bloomberg.com,Female,177492,29
343,Kalie,Whitley,kwhitley9i@dailymail.co.uk,Female,49615,1
344,Paolo,Harber,pharber9j@netvibes.com,Male,122144,32
345,Lil,Oldman,loldman9k@tuttocitta.it,Female,83875,30
346,Blinny,Bremmer,bbremmer9l@economist.com,Female,86251,5
347,Adham,Arch,aarch9m@so-net.ne.jp,Non-binary,69120,2
348,Khalil,Stobbes,kstobbes9n@aboutads.info,Male,198642,26
349,Gaby,Macewan,gmacewan9o@princeton.edu,Male,158315,8
350,Ruby,Padberry,rpadberry9p@pagesperso-orange.fr,Female,64073,40
351,Marthe,Mathelon,mmathelon9q@hao123.com,Female,193374,15
352,Coreen,Pilkinton,cpilkinton9r@chicagotribune.com,Female,178917,34
353,Garrott,Fosse,gfosse9s@geocities.com,Polygender,53375,6
354,Drucy,Standley,dstandley9t@tamu.edu,Female,195647,11
355,Allan,McCrachen,amccrachen9u@sakura.ne.jp,Male,188051,22
356,Thacher,Skipp,tskipp9v@51.la,Male,164176,37
357,Axel,O'Lenane,aolenane9w@e-recht24.de,Male,67593,10
358,Rodolph,Danell,rdanell9x@nymag.com,Male,42785,27
359,Nannette,McManus,nmcmanus9y@360.cn,Female,161956,28
360,Delaney,Tabbitt,dtabbitt9z@weibo.com,Male,101939,7
361,Guido,Chatwin,gchatwina0@wix.com,Bigender,88688,37
362,Franchot,Lathaye,flathayea1@shareasale.com,Male,43684,34
363,Florie,Bramsen,fbramsena2@livejournal.com,Female,174555,34
364,Orion,Orwin,oorwina3@friendfeed.com,Male,69506,5
365,Archibald,Corselles,acorsellesa4@walmart.com,Male,199545,4
366,Riane,Bielefeld,rbielefelda5@nasa.gov,Female,160707,10
367,Lawry,Cudby,lcudbya6@theatlantic.com,Male,111858,39
368,Rosaleen,Lonsbrough,rlonsbrougha7@harvard.edu,Female,184813,33
369,Shea,Teape,steapea8@hostgator.com,Female,146102,1
370,Anet,Yarranton,ayarrantona9@istockphoto.com,Female,89761,19
371,Jerri,Getch,jgetchaa@de.vu,Male,143496,25
372,Jeffrey,Scholes,jscholesab@infoseek.co.jp,Male,155861,28
373,Ibrahim,Gauch,igauchac@sfgate.com,Male,77533,34
374,Amos,Wheelband,awheelbandad@moonfruit.com,Male,112904,7
375,Terri,Boncoeur,tboncoeurae@phoca.cz,Male,63267,9
376,Shanta,Newarte,snewarteaf@parallels.com,Female,129538,6
377,Tremaine,Richardsson,trichardssonag@phpbb.com,Male,152532,37
378,Phip,Stolli,pstolliah@nih.gov,Male,159556,8
379,Yule,Marchelli,ymarchelliai@blogs.com,Male,160762,22
380,Stirling,Bembrick,sbembrickaj@washington.edu,Male,172056,13
381,Gene,Feehely,gfeehelyak@cnbc.com,Female,66299,34
382,Nicolai,Matz,nmatzal@trellian.com,Male,191365,30
383,Joice,Sorey,jsoreyam@zimbio.com,Female,162064,26
384,Clayton,Joseff,cjoseffan@fda.gov,Male,76517,15
385,Wallace,Baly,wbalyao@creativecommons.org,Male,153074,34
386,Brod,Nattriss,bnattrissap@unc.edu,Male,178786,12
387,Cherri,Tackes,ctackesaq@indiegogo.com,Female,180049,4
388,Lutero,Marson,lmarsonar@answers.com,Male,49354,3
389,Willow,MacRirie,wmacririeas@boston.com,Polygender,145943,16
390,Ninette,Nise,nniseat@spotify.com,Female,95215,6
391,Egbert,Harkins,eharkinsau@nifty.com,Male,158251,12
392,Ham,Dignan,hdignanav@spiegel.de,Male,152618,3
393,Madelle,Bartrop,mbartropaw@businessweek.com,Female,83853,29
394,Jen,Attwill,jattwillax@earthlink.net,Non-binary,178799,21
395,Timofei,Daughtery,tdaughteryay@chron.com,Male,148939,2
396,Jasun,Flemming,jflemmingaz@tinyurl.com,Male,161507,11
397,Drud,Minmagh,dminmaghb0@photobucket.com,Male,52999,6
398,Bernard,Morter,bmorterb1@csmonitor.com,Male,102909,13
399,Christal,Beeby,cbeebyb2@redcross.org,Bigender,103079,14
400,Torrence,Whyteman,twhytemanb3@bloomberg.com,Male,160961,25
401,Cammie,Markel,cmarkelb4@discuz.net,Female,145617,19
402,Kimbell,Apfelmann,kapfelmannb5@newsvine.com,Male,62737,26
403,Eldin,Pudan,epudanb6@bravesites.com,Male,145777,16
404,Olivier,Lowbridge,olowbridgeb7@zimbio.com,Male,53553,17
405,Glynn,Labat,glabatb8@unicef.org,Male,111693,25
406,Brittne,Philler,bphillerb9@cpanel.net,Female,96848,5
407,Neala,Jory,njoryba@weebly.com,Genderqueer,133283,19
408,Harrie,Dumini,hduminibb@canalblog.com,Female,111791,35
409,Yardley,Kleisel,ykleiselbc@theglobeandmail.com,Male,36713,1
410,Jorie,Petticrew,jpetticrewbd@cafepress.com,Non-binary,142453,9
411,Paddy,Kalkhoven,pkalkhovenbe@mozilla.org,Male,30844,14
412,Petronille,Bootherstone,pbootherstonebf@ocn.ne.jp,Female,158693,32
413,Zandra,Halliburton,zhalliburtonbg@samsung.com,Female,46626,3
414,Rouvin,Maharg,rmahargbh@jugem.jp,Male,81993,27
415,Grete,Hogbourne,ghogbournebi@merriam-webster.com,Polygender,80133,7
416,Duane,Standley,dstandleybj@weather.com,Male,160272,39
417,Peggie,Leguey,plegueybk@4shared.com,Female,161130,2
418,Bent,Alcock,balcockbl@prweb.com,Male,123196,40
419,Jeffry,Nyssen,jnyssenbm@loc.gov,Male,66829,1
420,Morlee,Lengthorn,mlengthornbn@adobe.com,Male,133332,2
421,Leeanne,Duffett,lduffettbo@phpbb.com,Female,121720,13
422,Liane,Tripe,ltripebp@bandcamp.com,Bigender,92649,22
423,Ban,Goodhand,bgoodhandbq@i2i.jp,Male,111884,36
424,Fidelity,Rossi,frossibr@sciencedirect.com,Female,108548,13
425,Inger,Parkman,iparkmanbs@dedecms.com,Female,93032,14
426,Bevon,Rubberts,brubbertsbt@amazon.co.uk,Male,193394,40
427,Daile,Marchington,dmarchingtonbu@jalbum.net,Female,94283,11
428,Maureene,Pardue,mparduebv@weather.com,Female,119280,11
429,Felicity,Trenchard,ftrenchardbw@google.co.uk,Female,129396,29
430,Thaddeus,Honatsch,thonatschbx@hud.gov,Male,179676,25
431,Kimball,Balderson,kbaldersonby@rambler.ru,Male,146865,30
432,Eduard,Caustic,ecausticbz@xinhuanet.com,Genderqueer,178148,37
433,Barry,Normand,bnormandc0@ask.com,Male,132451,37
434,Lisabeth,Prettyman,lprettymanc1@chicagotribune.com,Female,182333,4
435,Mario,Geindre,mgeindrec2@oracle.com,Male,53049,30
436,Hyatt,Meany,hmeanyc3@bluehost.com,Male,194433,11
437,Jarid,MacGauhy,jmacgauhyc4@si.edu,Genderfluid,45446,32
438,Chrisy,Sigart,csigartc5@engadget.com,Male,92354,40
439,Benedick,Dulanty,bdulantyc6@wordpress.org,Male,148165,32
440,Yehudit,Rootham,yroothamc7@vk.com,Male,192996,16
441,Windham,Loughman,wloughmanc8@vimeo.com,Male,88297,25
442,Codie,O'Mara,comarac9@newsvine.com,Male,156497,25
443,Crin,McKernan,cmckernanca@twitter.com,Female,108546,21
444,Pierson,Chong,pchongcb@deliciousdays.com,Male,54346,11
445,Vance,Upwood,vupwoodcc@accuweather.com,Male,119337,27
446,Honor,Pirazzi,hpirazzicd@wufoo.com,Female,89401,36
447,Janot,Devanney,jdevanneyce@cisco.com,Female,106852,5
448,Augusto,McCaskill,amccaskillcf@toplist.cz,Male,36433,23
449,Husain,Allport,hallportcg@ucoz.ru,Genderfluid,104739,39
450,Michail,Skayman,mskaymanch@free.fr,Genderfluid,38719,29
451,Marley,Chong,mchongci@state.gov,Female,119203,26
452,Cass,Halladay,challadaycj@princeton.edu,Female,197967,9
453,Barde,Burras,bburrasck@issuu.com,Male,167851,13
454,Prudi,Bunworth,pbunworthcl@ed.gov,Female,70862,32
455,Karel,Farlambe,kfarlambecm@prnewswire.com,Male,112217,10
456,Arron,Lathleiff,alathleiffcn@godaddy.com,Male,164530,25
457,Josey,Di Giacomo,jdigiacomoco@plala.or.jp,Female,77635,10
458,Dimitry,Sanham,dsanhamcp@yahoo.co.jp,Male,65324,36
459,Dena,De Ath,ddeathcq@printfriendly.com,Female,43826,23
460,Charlean,Bird,cbirdcr@xinhuanet.com,Female,89001,34
461,Ingaberg,O'Kynsillaghe,iokynsillaghecs@dot.gov,Female,129165,21
462,Gigi,Unsworth,gunsworthct@yale.edu,Female,176273,4
463,Diahann,Crowth,dcrowthcu@unicef.org,Female,120501,24
464,Wilhelm,Costellow,wcostellowcv@hubpages.com,Male,90605,31
465,Moria,Poutress,mpoutresscw@shareasale.com,Bigender,117133,27
466,Linea,Pearch,lpearchcx@chron.com,Female,179736,40
467,Darn,Lowthorpe,dlowthorpecy@upenn.edu,Male,73708,8
468,Fionnula,Braunstein,fbraunsteincz@yahoo.com,Female,114852,36
469,Blondie,Brew,bbrewd0@jimdo.com,Female,97632,29
470,Hali,Leckenby,hleckenbyd1@infoseek.co.jp,Female,55170,38
471,Grenville,Bywaters,gbywatersd2@flavors.me,Male,109750,9
472,Loy,Hooks,lhooksd3@theglobeandmail.com,Male,154986,6
473,Curr,Barti,cbartid4@jiathis.com,Male,49070,39
474,Audrey,Laboune,alabouned5@ow.ly,Female,151425,19
475,Andras,Chaplain,achaplaind6@gnu.org,Male,177080,8
476,Bertram,Foystone,bfoystoned7@youtube.com,Bigender,63573,4
477,Randall,Purvess,rpurvessd8@g.co,Male,176332,9
478,Gary,Erington,geringtond9@blogger.com,Male,194082,32
479,Lilia,Keggins,lkegginsda@twitter.com,Female,198563,34
480,Izaak,Cominello,icominellodb@google.co.uk,Male,57259,14
481,Idaline,Steen,isteendc@usatoday.com,Genderfluid,114894,20
482,Pru,Davenport,pdavenportdd@xing.com,Genderqueer,65805,29
483,Rosemonde,Spreag,rspreagde@indiatimes.com,Female,120286,7
484,Kacy,Kirgan,kkirgandf@privacy.gov.au,Female,110846,18
485,Deck,Coppeard,dcoppearddg@list-manage.com,Male,66957,11
486,Kermy,Tolomelli,ktolomellidh@vkontakte.ru,Male,74762,11
487,Charleen,Goymer,cgoymerdi@blogger.com,Female,43309,33
488,Meyer,Bullers,mbullersdj@smugmug.com,Male,73264,16
489,Max,Meanwell,mmeanwelldk@chronoengine.com,Male,37950,4
490,Forster,Ludlem,fludlemdl@canalblog.com,Male,83217,20
491,Dorey,Greenrod,dgreenroddm@mayoclinic.com,Female,171168,11
492,Jeane,Crenage,jcrenagedn@bbc.co.uk,Female,168012,15
493,Pen,Laugharne,plaugharnedo@pinterest.com,Male,115613,26
494,Calv,Lewer,clewerdp@live.com,Polygender,162265,2
495,Austina,Hullin,ahullindq@washingtonpost.com,Female,107388,20
496,Jason,McKaile,jmckailedr@chicagotribune.com,Male,85541,38
497,Callean,Raw,crawds@springer.com,Male,44383,29
498,Tamiko,Jakubczyk,tjakubczykdt@google.fr,Female,51720,23
499,Dodi,Thomann,dthomanndu@github.io,Genderfluid,181156,31
500,Loralee,Roadknight,lroadknightdv@army.mil,Female,141750,14
501,Wilton,Dillon,wdillondw@theglobeandmail.com,Genderfluid,83699,27
502,Tynan,Sherrott,tsherrottdx@ning.com,Male,183528,18
503,Mitzi,Troak,mtroakdy@marketwatch.com,Female,92352,28
504,Ezekiel,Daen,edaendz@istockphoto.com,Male,59403,3
505,Vere,O'Hederscoll,vohederscolle0@businessweek.com,Polygender,72322,25
506,Ike,Craydon,icraydone1@china.com.cn,Non-binary,50851,17
507,Esta,Heeney,eheeneye2@smugmug.com,Female,82434,24
508,Devora,Lubomirski,dlubomirskie3@typepad.com,Female,140741,27
509,Nye,Tomisch,ntomische4@tinypic.com,Male,65674,20
510,Shaun,Furniss,sfurnisse5@xrea.com,Female,172566,29
511,Domeniga,Deevey,ddeeveye6@hp.com,Female,121826,9
512,Jania,Codeman,jcodemane7@w3.org,Female,130472,15
513,Jud,Veld,jvelde8@dmoz.org,Male,133237,3
514,Kalindi,Farady,kfaradye9@google.com.au,Female,161966,6
515,Garland,Atty,gattyea@sogou.com,Female,148123,14
516,Adiana,Stoeckle,astoeckleeb@alibaba.com,Female,183907,33
517,My,Bygrove,mbygroveec@histats.com,Male,153541,37
518,Bax,Slee,bsleeed@booking.com,Male,195602,10
519,Emmit,Mourant,emourantee@pinterest.com,Male,87569,20
520,Adora,Philcott,aphilcottef@sourceforge.net,Female,181634,22
521,Krishna,Simeonov,ksimeonoveg@yahoo.com,Male,93391,30
522,Jone,Brailey,jbraileyeh@fotki.com,Male,140717,3
523,Kaiser,Wattins,kwattinsei@mac.com,Male,131413,17
524,Jill,Arnaut,jarnautej@aol.com,Female,194324,25
525,Kordula,Laird,klairdek@people.com.cn,Female,63973,29
526,Jillana,Vanyarkin,jvanyarkinel@mashable.com,Female,44806,2
527,Oran,Huygens,ohuygensem@ezinearticles.com,Male,46660,31
528,Cy,Rassmann,crassmannen@jugem.jp,Male,151081,13
529,Ceil,Jarmyn,cjarmyneo@yellowpages.com,Female,114542,13
530,Benedetto,Chazotte,bchazotteep@ibm.com,Male,117486,26
531,Erminia,Bedder,ebeddereq@apache.org,Bigender,195151,32
532,Phyllida,Rollett,prolletter@de.vu,Female,106927,32
533,Sharla,Cowely,scowelyes@senate.gov,Female,57256,21
534,Brade,Puddin,bpuddinet@uiuc.edu,Male,32162,25
535,Gerrard,Prozescky,gprozesckyeu@dagondesign.com,Agender,174147,20
536,Ingelbert,Keeffe,ikeeffeev@bigcartel.com,Male,69482,33
537,Jeff,Mitkin,jmitkinew@illinois.edu,Male,158582,17
538,Brietta,Hinnerk,bhinnerkex@comsenz.com,Female,149123,15
539,Phil,Triggol,ptriggoley@nba.com,Male,35306,25
540,Kelcy,Lambourne,klambourneez@intel.com,Polygender,102126,36
541,Hasheem,Aldin,haldinf0@taobao.com,Male,41709,1
542,Elston,Jurisic,ejurisicf1@paginegialle.it,Male,30380,8
543,Beryl,Borkett,bborkettf2@cisco.com,Female,191277,28
544,Doria,Bedford,dbedfordf3@admin.ch,Female,62054,36
545,Rodrigo,Stibbs,rstibbsf4@mysql.com,Male,83443,3
546,Terry,Torrecilla,ttorrecillaf5@tripadvisor.com,Female,189821,32
547,Gae,Wanley,gwanleyf6@google.com.hk,Female,158478,16
548,Merle,Lawleff,mlawlefff7@tripadvisor.com,Male,67914,11
549,Anatollo,D'Hooghe,adhooghef8@infoseek.co.jp,Male,39693,17
550,Stanfield,Kynge,skyngef9@amazon.co.uk,Male,123682,36
551,Sterne,Eich,seichfa@alibaba.com,Male,173495,18
552,Denis,Follin,dfollinfb@list-manage.com,Male,54762,23
553,Zsa zsa,Lownsbrough,zlownsbroughfc@surveymonkey.com,Female,193730,31
554,Wallie,Isabell,wisabellfd@time.com,Female,60267,5
555,Kayne,Treweke,ktrewekefe@walmart.com,Male,167423,26
556,Leo,Tremblay,ltremblayff@facebook.com,Male,166460,19
557,Honoria,Gerran,hgerranfg@alexa.com,Female,160677,24
558,Nerita,Woolen,nwoolenfh@hatena.ne.jp,Female,98027,30
559,Karel,Larrat,klarratfi@usatoday.com,Female,56536,9
560,Hilton,Moorfield,hmoorfieldfj@geocities.com,Male,162108,38
561,La verne,Jay,ljayfk@linkedin.com,Female,107775,16
562,Carmen,Bollard,cbollardfl@nhs.uk,Female,108310,8
563,Gay,Reilinger,greilingerfm@about.com,Male,61495,13
564,Horten,Sambell,hsambellfn@istockphoto.com,Male,50445,3
565,Hy,Segeswoeth,hsegeswoethfo@tinyurl.com,Male,64754,8
566,Susana,Sterte,sstertefp@elpais.com,Female,95293,26
567,Korney,Clancey,kclanceyfq@hp.com,Female,36320,2
568,Curcio,Pidgley,cpidgleyfr@scientificamerican.com,Male,158947,34
569,Stinky,Tombling,stomblingfs@bizjournals.com,Male,154605,15
570,Marsiella,Pinkie,mpinkieft@google.pl,Female,88588,39
571,Jasmina,Wennam,jwennamfu@tamu.edu,Female,74891,6
572,Errol,Whitmell,ewhitmellfv@vimeo.com,Male,132192,38
573,Shaylyn,Mcall,smcallfw@nbcnews.com,Female,61901,26
574,Andrew,Wigan,awiganfx@oaic.gov.au,Genderqueer,175340,36
575,Martita,Pleat,mpleatfy@cyberchimps.com,Female,43571,39
576,Adara,Maynell,amaynellfz@jugem.jp,Female,150424,32
577,Scot,Hail,shailg0@shareasale.com,Non-binary,51539,18
578,Donnell,Northcote,dnorthcoteg1@house.gov,Male,43401,25
579,Jasper,Muffen,jmuffeng2@samsung.com,Male,176922,39
580,Elwood,Whifen,ewhifeng3@prweb.com,Male,117109,36
581,Renaud,MacGray,rmacgrayg4@bizjournals.com,Male,92452,32
582,Kariotta,Clemence,kclemenceg5@nih.gov,Female,182793,10
583,Anne-corinne,Greenstead,agreensteadg6@ucoz.ru,Female,43011,25
584,Nial,Pettifer,npettiferg7@boston.com,Male,56577,24
585,Jon,Walshaw,jwalshawg8@miitbeian.gov.cn,Male,151732,20
586,Reiko,Ringrose,rringroseg9@ezinearticles.com,Female,34939,17
587,Peggy,Pidgin,ppidginga@feedburner.com,Female,158973,21
588,Scot,Hardbattle,shardbattlegb@pinterest.com,Male,128804,28
589,Lizzy,Klicher,lklichergc@alexa.com,Female,60896,31
590,Luigi,Christoforou,lchristoforougd@wikia.com,Male,161777,5
591,Garth,Radband,gradbandge@altervista.org,Male,96311,12
592,Marigold,Macenzy,mmacenzygf@tiny.cc,Female,127487,26
593,Mavra,Goudie,mgoudiegg@sohu.com,Female,33648,39
594,Emmalee,Crux,ecruxgh@xing.com,Female,85306,23
595,Karlotta,Bussons,kbussonsgi@virginia.edu,Female,124198,7
596,Stearn,Noraway,snorawaygj@businesswire.com,Male,61042,15
597,Maxine,Danielsen,mdanielsengk@ted.com,Female,94031,33
598,Andros,Landsborough,alandsboroughgl@indiegogo.com,Genderfluid,193037,31
599,Akim,Weekes,aweekesgm@dropbox.com,Male,155084,15
600,Mendel,Bolter,mboltergn@e-recht24.de,Genderqueer,162046,34
601,Arin,Firby,afirbygo@kickstarter.com,Agender,123743,9
602,Wenona,Pagel,wpagelgp@zimbio.com,Bigender,78221,4
603,Hugues,Stonelake,hstonelakegq@cornell.edu,Male,181175,36
604,Pat,Wimp,pwimpgr@skype.com,Male,65406,40
605,Perry,Brinkman,pbrinkmangs@jiathis.com,Genderqueer,123461,4
606,Adan,Vallentine,avallentinegt@chron.com,Female,164163,13
607,Kip,Zienkiewicz,kzienkiewiczgu@creativecommons.org,Female,79687,21
608,Barnie,Parkey,bparkeygv@wiley.com,Male,92566,30
609,Fulvia,Stirling,fstirlinggw@github.com,Female,118117,26
610,Jeremias,Jewkes,jjewkesgx@addthis.com,Polygender,170074,22
611,Gary,Beecroft,gbeecroftgy@fc2.com,Male,86518,26
612,Aron,Lindenboim,alindenboimgz@uol.com.br,Male,78814,32
613,Giles,Redbourn,gredbournh0@sohu.com,Male,153181,21
614,Standford,Balasini,sbalasinih1@sina.com.cn,Male,35721,18
615,Hermine,Mosby,hmosbyh2@1688.com,Female,156563,4
616,Hodge,Ingree,hingreeh3@bloglines.com,Male,73012,36
617,Benny,Hastler,bhastlerh4@yahoo.com,Male,153395,34
618,Issi,Burbridge,iburbridgeh5@shutterfly.com,Female,49982,37
619,Simeon,Laurenceau,slaurenceauh6@buzzfeed.com,Male,43115,27
620,Merna,Calbaithe,mcalbaitheh7@slideshare.net,Female,127928,13
621,Ford,Bardwall,fbardwallh8@imgur.com,Male,53309,19
622,Burke,Stinson,bstinsonh9@baidu.com,Male,180070,12
623,Normie,Eschelle,neschelleha@cornell.edu,Male,185262,31
624,Putnem,Atkyns,patkynshb@columbia.edu,Male,76688,1
625,Clerc,Keam,ckeamhc@canalblog.com,Male,184368,20
626,Gaye,Fretwell,gfretwellhd@photobucket.com,Female,45129,23
627,Aldric,Tampling,atamplinghe@a8.net,Bigender,143818,24
628,Esteban,Smooth,esmoothhf@trellian.com,Male,159079,5
629,Rock,Challenor,rchallenorhg@whitehouse.gov,Male,182715,7
630,Gare,Getcliffe,ggetcliffehh@newyorker.com,Male,79898,27
631,Ruthanne,Fullick,rfullickhi@livejournal.com,Female,183604,35
632,Kelci,Iacofo,kiacofohj@wix.com,Female,152931,16
633,Zsazsa,Blowing,zblowinghk@unesco.org,Female,38124,1
634,Udale,Popley,upopleyhl@youku.com,Male,42454,34
635,Barty,Matura,bmaturahm@ihg.com,Male,168184,22
636,Ardra,Cadore,acadorehn@reference.com,Female,164597,34
637,Montgomery,Pardue,mpardueho@bandcamp.com,Male,195575,33
638,Janeczka,Sherrock,jsherrockhp@bigcartel.com,Female,66227,24
639,Dania,Colvill,dcolvillhq@go.com,Female,69090,29
640,Maxy,Sankey,msankeyhr@baidu.com,Genderfluid,108014,30
641,Kaycee,De Clairmont,kdeclairmonths@list-manage.com,Female,97477,27
642,Augustine,Glazier,aglazierht@dyndns.org,Female,159534,32
643,Norrie,Gudgen,ngudgenhu@mozilla.com,Genderfluid,159735,24
644,Brennen,Gorini,bgorinihv@ocn.ne.jp,Male,141948,9
645,Jud,Graalmans,jgraalmanshw@amazon.de,Male,109409,32
646,Kerianne,Ledrun,kledrunhx@wiley.com,Female,83898,3
647,Lurette,Edger,ledgerhy@bloglines.com,Female,183587,23
648,Ivy,Catley,icatleyhz@free.fr,Polygender,71072,4
649,Sammie,Borless,sborlessi0@i2i.jp,Male,63744,6
650,Joby,Fleg,jflegi1@dion.ne.jp,Female,91860,26
651,Karla,Scott,kscotti2@tumblr.com,Female,32983,30
652,Vasili,Barbie,vbarbiei3@diigo.com,Male,193855,7
653,Toni,Blazewicz,tblazewiczi4@ebay.com,Female,128277,28
654,Ozzie,Roth,orothi5@vkontakte.ru,Male,43396,36
655,Sari,Killford,skillfordi6@yelp.com,Female,83087,3
656,Gillian,Cristoforo,gcristoforoi7@chronoengine.com,Female,96366,9
657,Midge,Lambourn,mlambourni8@reddit.com,Agender,40689,25
658,Aigneis,Mountlow,amountlowi9@moonfruit.com,Female,76091,1
659,Jeffry,Oldall,joldallia@usatoday.com,Male,70313,1
660,Maddalena,Janjusevic,mjanjusevicib@icio.us,Female,52200,40
661,Anastassia,Hutcheon,ahutcheonic@kickstarter.com,Female,132454,12
662,Baxie,Evamy,bevamyid@sourceforge.net,Male,102687,32
663,Abbot,Sempill,asempillie@google.es,Male,153947,16
664,Zack,Kington,zkingtonif@usgs.gov,Male,187412,32
665,Claudina,Lages,clagesig@bbc.co.uk,Female,123153,3
666,Gherardo,Lichfield,glichfieldih@ycombinator.com,Male,182678,39
667,Baudoin,Teasdale,bteasdaleii@mozilla.com,Male,132292,40
668,Felicity,Pedler,fpedlerij@taobao.com,Female,187708,7
669,Harriette,Dedman,hdedmanik@angelfire.com,Female,156402,16
670,Shaine,Djorvic,sdjorvicil@alibaba.com,Male,158163,34
671,Irving,Hamblen,ihamblenim@berkeley.edu,Male,107418,12
672,Woodrow,Sorsbie,wsorsbiein@arstechnica.com,Male,187037,36
673,Meredithe,Robertsen,mrobertsenio@upenn.edu,Female,81550,30
674,Krista,Hazeley,khazeleyip@youku.com,Female,57528,3
675,Thoma,Phetteplace,tphetteplaceiq@java.com,Male,120993,28
676,Selene,Strongman,sstrongmanir@indiegogo.com,Female,117066,10
677,Jolie,Liddiatt,jliddiattis@usda.gov,Female,91025,30
678,Anatol,Cuthill,acuthillit@etsy.com,Male,63971,13
679,Horton,Ivins,hivinsiu@ameblo.jp,Male,174092,28
680,Gloriana,Pietesch,gpieteschiv@lulu.com,Female,73664,33
681,Dasha,Rizzone,drizzoneiw@ca.gov,Female,124035,23
682,Darcey,Blindermann,dblindermannix@soup.io,Female,142718,12
683,Tabbitha,Coules,tcoulesiy@google.com.au,Female,122481,16
684,Alida,Gebuhr,agebuhriz@sohu.com,Female,91614,39
685,Erika,Simchenko,esimchenkoj0@histats.com,Female,39073,40
686,Oneida,Rosenauer,orosenauerj1@ucsd.edu,Female,114763,31
687,Brose,Sim,bsimj2@a8.net,Male,187813,1
688,Noak,Sabey,nsabeyj3@wikispaces.com,Male,117606,13
689,Kurt,Whittock,kwhittockj4@xrea.com,Male,89165,16
690,Llywellyn,Shurey,lshureyj5@alexa.com,Male,79545,30
691,Blithe,Mathen,bmathenj6@yahoo.com,Female,127217,14
692,Kordula,Hefferan,khefferanj7@webnode.com,Female,140352,39
693,Robinia,Peart,rpeartj8@archive.org,Genderqueer,192200,36
694,Portie,Divill,pdivillj9@indiegogo.com,Male,125324,5
695,Murvyn,Gilpillan,mgilpillanja@bbb.org,Male,73017,20
696,Almire,Slimme,aslimmejb@mapy.cz,Female,78711,34
697,Skell,Bomfield,sbomfieldjc@yellowbook.com,Non-binary,175050,21
698,Mortie,Crix,mcrixjd@google.co.jp,Male,163457,10
699,Brnaba,Rawcliffe,brawcliffeje@yellowbook.com,Genderfluid,96637,38
700,Cyrille,Wrathall,cwrathalljf@dmoz.org,Male,50816,18
701,Gayel,Ebbett,gebbettjg@dell.com,Female,159396,23
702,Agata,Castagna,acastagnajh@google.com.hk,Female,53921,37
703,Starr,Gull,sgullji@independent.co.uk,Female,38818,12
704,Farrah,Burgett,fburgettjj@mediafire.com,Female,124396,14
705,Ileane,Burgane,iburganejk@vistaprint.com,Female,54438,27
706,Putnam,Shailer,pshailerjl@feedburner.com,Male,127787,2
707,Brose,Hickenbottom,bhickenbottomjm@cam.ac.uk,Male,56093,38
708,Riobard,Gelland,rgellandjn@wikipedia.org,Male,82545,13
709,Ash,Roncelli,aroncellijo@yahoo.co.jp,Non-binary,113419,13
710,Germain,Saddington,gsaddingtonjp@deviantart.com,Genderfluid,156249,30
711,Halette,Doggart,hdoggartjq@github.com,Female,51692,38
712,Alayne,Scholes,ascholesjr@nsw.gov.au,Female,122713,7
713,Coop,Hamsson,chamssonjs@instagram.com,Male,89392,33
714,Heywood,Le febre,hlefebrejt@cornell.edu,Male,112387,3
715,Eric,Kivits,ekivitsju@vk.com,Male,184441,16
716,Tiphanie,Skitral,tskitraljv@twitter.com,Female,105612,11
717,Rusty,MacCallion,rmaccallionjw@examiner.com,Male,110632,36
718,Bondy,Napton,bnaptonjx@upenn.edu,Male,127573,34
719,Barny,O'Dwyer,bodwyerjy@ning.com,Male,172713,1
720,Hew,Whitticks,hwhitticksjz@scribd.com,Male,103090,8
721,Legra,Hechlin,lhechlink0@sphinn.com,Female,54188,11
722,Alli,Knightly,aknightlyk1@dmoz.org,Female,99847,27
723,Georg,Martinuzzi,gmartinuzzik2@mac.com,Male,189707,26
724,Janot,Faraday,jfaradayk3@xrea.com,Female,81807,25
725,Philbert,Shale,pshalek4@google.nl,Male,114684,5
726,Christa,Mee,cmeek5@webmd.com,Female,45326,23
727,Georgetta,Keel,gkeelk6@devhub.com,Genderfluid,75236,24
728,Reuben,Babbage,rbabbagek7@harvard.edu,Male,198102,23
729,Port,Kubis,pkubisk8@unesco.org,Male,131770,15
730,Grant,Reboul,greboulk9@nps.gov,Male,66033,38
731,Zebedee,Swane,zswaneka@liveinternet.ru,Male,108322,10
732,Dyanna,de Guerre,ddeguerrekb@reddit.com,Female,40950,20
733,Claudie,Picton,cpictonkc@ovh.net,Female,127851,29
734,Alikee,Riha,arihakd@tmall.com,Female,159165,29
735,Aryn,Bende,abendeke@webnode.com,Genderqueer,113268,33
736,Korrie,Grigoletti,kgrigolettikf@nbcnews.com,Female,105693,16
737,Ashla,Chittie,achittiekg@biglobe.ne.jp,Female,168881,19
738,Roslyn,Jaime,rjaimekh@wordpress.org,Female,84831,7
739,Storm,Wilsey,swilseyki@apple.com,Female,74437,40
740,Marijn,McCreery,mmccreerykj@paginegialle.it,Male,35779,24
741,Rik,Imlaw,rimlawkk@nymag.com,Male,78104,31
742,Elenore,Zoellner,ezoellnerkl@qq.com,Female,87511,20
743,Aleen,Louden,aloudenkm@csmonitor.com,Agender,156995,10
744,Kalindi,Pye,kpyekn@businesswire.com,Female,111459,4
745,Petronia,Calyton,pcalytonko@fotki.com,Female,101800,37
746,Miguel,Gogarty,mgogartykp@reddit.com,Male,106340,23
747,Drucy,Wheatland,dwheatlandkq@tamu.edu,Female,159737,1
748,Lin,Giddons,lgiddonskr@vk.com,Genderfluid,195585,6
749,Ban,Alesin,balesinks@newsvine.com,Male,119636,17
750,Catina,Marmion,cmarmionkt@who.int,Female,99406,11
751,Hayley,Sears,hsearsku@posterous.com,Female,162204,18
752,Gothart,Spillane,gspillanekv@omniture.com,Male,30823,6
753,Ezmeralda,Pagram,epagramkw@booking.com,Female,169995,36
754,Feliks,Rushbury,frushburykx@cdc.gov,Male,71609,23
755,Binni,Southward,bsouthwardky@nationalgeographic.com,Female,43484,32
756,Georgie,Baversor,gbaversorkz@buzzfeed.com,Male,190431,39
757,Susette,Bilbey,sbilbeyl0@theglobeandmail.com,Female,50352,18
758,Alessandro,Prahl,aprahll1@free.fr,Male,109761,36
759,Alix,Excell,aexcelll2@addtoany.com,Female,101794,32
760,Carlie,Struan,cstruanl3@fastcompany.com,Female,138187,21
761,Josepha,Casford,jcasfordl4@csmonitor.com,Agender,84817,21
762,Grace,Stiegers,gstiegersl5@wix.com,Female,152676,29
763,Allard,Trimby,atrimbyl6@hostgator.com,Male,102312,40
764,Phillip,Clerc,pclercl7@mozilla.org,Male,186084,33
765,Lavinia,Snowman,lsnowmanl8@reddit.com,Female,83391,25
766,Misti,Reyson,mreysonl9@youtube.com,Female,34422,27
767,Christoffer,Cartledge,ccartledgela@house.gov,Male,72979,33
768,Billi,Lamputt,blamputtlb@microsoft.com,Female,198666,37
769,Jephthah,Jirick,jjiricklc@state.gov,Male,82774,33
770,Gerri,Snoad,gsnoadld@dot.gov,Female,63491,2
771,Vladimir,Kidstone,vkidstonele@mail.ru,Agender,127901,36
772,Haslett,Exell,hexelllf@gizmodo.com,Male,117940,33
773,Zane,Aird,zairdlg@guardian.co.uk,Male,95575,35
774,Karalynn,Shyres,kshyreslh@delicious.com,Female,184198,34
775,Valentin,Shobbrook,vshobbrookli@ow.ly,Male,178949,28
776,Kliment,Minker,kminkerlj@jiathis.com,Male,196667,3
777,Birch,Piotrowski,bpiotrowskilk@chron.com,Male,105311,35
778,Idell,Gother,igotherll@theguardian.com,Female,146308,30
779,Mandel,Chittim,mchittimlm@weibo.com,Male,199714,38
780,Marnia,Raynard,mraynardln@reuters.com,Female,180962,6
781,Dniren,Cuthbertson,dcuthbertsonlo@etsy.com,Female,131816,3
782,Powell,O'Donnelly,podonnellylp@intel.com,Male,174732,5
783,Gil,Bullivent,gbulliventlq@jugem.jp,Male,77358,39
784,Teodora,Loughlin,tloughlinlr@disqus.com,Female,75499,30
785,Olympia,Heigold,oheigoldls@google.com,Female,172311,15
786,Joyce,McCook,jmccooklt@g.co,Female,155461,2
787,Josias,Hardwick,jhardwicklu@usa.gov,Male,111210,14
788,Karlene,Dobrowlski,kdobrowlskilv@youtube.com,Female,80989,33
789,Ruby,Di Biasio,rdibiasiolw@spotify.com,Female,147361,3
790,Reagen,Tale,rtalelx@ocn.ne.jp,Male,103367,33
791,Laurent,Eastam,leastamly@t.co,Male,56538,36
792,Nanine,Dudding,nduddinglz@phpbb.com,Female,182752,15
793,Pedro,Huge,phugem0@berkeley.edu,Male,78919,35
794,Grayce,Kachel,gkachelm1@theglobeandmail.com,Female,66163,4
795,Talia,Royste,troystem2@amazon.de,Bigender,104318,27
796,Eddie,Dagworthy,edagworthym3@scientificamerican.com,Male,144948,1
797,Chevy,Coumbe,ccoumbem4@mediafire.com,Male,193348,18
798,Toinette,Robbel,trobbelm5@blogger.com,Female,143426,23
799,Avivah,Vannar,avannarm6@irs.gov,Female,41357,12
800,Donella,Rasper,drasperm7@twitter.com,Female,34153,10
801,Ezekiel,Dudbridge,edudbridgem8@ca.gov,Male,182233,8
802,Vincenty,McGarva,vmcgarvam9@chicagotribune.com,Male,89759,34
803,Cristionna,Drysdale,cdrysdalema@devhub.com,Polygender,150365,7
804,Elisha,Kopelman,ekopelmanmb@exblog.jp,Male,193505,18
805,Adora,Franseco,afransecomc@dion.ne.jp,Genderqueer,199842,36
806,Carlene,Hawkeridge,chawkeridgemd@php.net,Genderfluid,173142,8
807,Trina,Guice,tguiceme@ucla.edu,Female,77199,36
808,Amandi,Sheards,asheardsmf@nature.com,Bigender,140506,40
809,Jourdan,Bollin,jbollinmg@xrea.com,Female,68882,23
810,Jules,Tanman,jtanmanmh@pcworld.com,Agender,177950,26
811,Cori,Niset,cnisetmi@nih.gov,Genderqueer,88625,38
812,Lodovico,Goldsbury,lgoldsburymj@multiply.com,Male,181337,13
813,Ode,Francescuzzi,ofrancescuzzimk@mozilla.org,Male,79477,19
814,Francyne,Learmonth,flearmonthml@wiley.com,Female,166167,22
815,Jess,Sandels,jsandelsmm@fastcompany.com,Female,72918,29
816,Aldridge,Edwinson,aedwinsonmn@gmpg.org,Male,187767,12
817,Barry,Blasgen,bblasgenmo@lycos.com,Genderqueer,165172,5
818,Brandtr,Feldmesser,bfeldmessermp@diigo.com,Male,131787,13
819,Zedekiah,Chadburn,zchadburnmq@bizjournals.com,Agender,197643,29
820,Beitris,Gouldthorp,bgouldthorpmr@comcast.net,Female,169923,34
821,Deane,Gaskill,dgaskillms@blog.com,Female,196749,37
822,Nessa,Vanstone,nvanstonemt@ow.ly,Female,128821,36
823,Costa,Mattingson,cmattingsonmu@jigsy.com,Male,107235,27
824,Jamison,Crowcroft,jcrowcroftmv@blogger.com,Male,77752,18
825,Lanie,Frondt,lfrondtmw@dot.gov,Female,104210,27
826,Hillard,Quiddihy,hquiddihymx@cmu.edu,Male,87863,12
827,Germayne,Kellen,gkellenmy@edublogs.org,Non-binary,48757,23
828,Philipa,Mirrlees,pmirrleesmz@studiopress.com,Female,118245,21
829,Delila,Vallerine,dvallerinen0@networksolutions.com,Female,31759,29
830,Myriam,Barnet,mbarnetn1@washington.edu,Female,52327,17
831,Mathilda,Albrighton,malbrightonn2@springer.com,Female,65562,31
832,Jarrod,Currom,jcurromn3@google.nl,Male,95594,30
833,Benny,Fearn,bfearnn4@cbc.ca,Male,190714,39
834,Holly,Hampshaw,hhampshawn5@examiner.com,Male,44296,33
835,Gwen,Curwood,gcurwoodn6@huffingtonpost.com,Female,160483,27
836,Normy,Mollitt,nmollittn7@goo.ne.jp,Male,143837,25
837,Hortense,Storre,hstorren8@ezinearticles.com,Female,188883,16
838,Kippar,Farrer,kfarrern9@toplist.cz,Male,177415,16
839,Hally,Ollive,hollivena@behance.net,Female,132247,10
840,Madlin,Seater,mseaternb@tinyurl.com,Female,121588,15
841,Corbet,Sheardown,csheardownnc@va.gov,Male,182880,30
842,Isabel,Monkman,imonkmannd@ibm.com,Female,166922,34
843,Goran,Yanuk,gyanukne@spiegel.de,Male,112448,16
844,Ewen,Baison,ebaisonnf@icq.com,Male,173224,26
845,Rodie,Stanistreet,rstanistreetng@nydailynews.com,Female,63460,6
846,Giuditta,Gerrey,ggerreynh@guardian.co.uk,Female,160072,32
847,Anthony,Tailour,atailourni@feedburner.com,Male,108645,32
848,Byram,Cordeix,bcordeixnj@123-reg.co.uk,Male,97929,8
849,Hamil,Slyde,hslydenk@tiny.cc,Male,113500,18
850,Sylvan,Durnell,sdurnellnl@foxnews.com,Male,129821,30
851,Olvan,Lilion,olilionnm@printfriendly.com,Male,141135,35
852,Jaquelin,Poynor,jpoynornn@newsvine.com,Female,150885,2
853,Jobina,Baggarley,jbaggarleyno@slashdot.org,Female,47015,37
854,Gilberte,Romain,gromainnp@whitehouse.gov,Female,154772,37
855,Darby,Kaplin,dkaplinnq@squidoo.com,Female,162365,24
856,Webb,Cardiff,wcardiffnr@phpbb.com,Male,140674,22
857,Selestina,Fawks,sfawksns@adobe.com,Bigender,136271,25
858,Vanya,Pallin,vpallinnt@macromedia.com,Male,42621,33
859,Joshua,Shillom,jshillomnu@independent.co.uk,Male,103174,36
860,Jenn,Queenborough,jqueenboroughnv@weather.com,Female,61809,18
861,Randi,Ruddom,rruddomnw@blogger.com,Female,199082,17
862,Adoree,Lupson,alupsonnx@ezinearticles.com,Female,35131,24
863,Emanuele,McEachern,emceachernny@mozilla.com,Male,55016,32
864,Devland,Ketley,dketleynz@umn.edu,Male,189932,22
865,Alecia,Curm,acurmo0@gov.uk,Non-binary,109232,6
866,Dorie,Dallas,ddallaso1@wordpress.com,Female,160507,40
867,Mellie,Gilbeart,mgilbearto2@tuttocitta.it,Female,99481,11
868,Gay,Dome,gdomeo3@cocolog-nifty.com,Female,161395,2
869,Stephanie,Beckey,sbeckeyo4@cafepress.com,Female,77090,29
870,Luz,Duncan,lduncano5@china.com.cn,Female,102325,38
871,Ardenia,Jeskins,ajeskinso6@yellowbook.com,Female,103496,5
872,Roberto,Buttrum,rbuttrumo7@jigsy.com,Male,151437,17
873,Frederigo,Ordelt,fordelto8@desdev.cn,Male,146436,18
874,Genni,Bownass,gbownasso9@auda.org.au,Female,81629,12
875,Edouard,Anan,eananoa@state.tx.us,Polygender,113509,31
876,Ayn,Sherwyn,asherwynob@usatoday.com,Female,66781,8
877,Derward,Davy,ddavyoc@a8.net,Male,166977,3
878,Alvira,L'Episcopio,alepiscopiood@google.es,Female,127108,8
879,Jacquelynn,Hulkes,jhulkesoe@liveinternet.ru,Female,134486,33
880,Steffie,Kohrding,skohrdingof@networkadvertising.org,Female,183768,26
881,Deane,Wandtke,dwandtkeog@nsw.gov.au,Male,173136,26
882,Merci,Riggs,mriggsoh@mediafire.com,Female,41861,15
883,Meggi,Godly,mgodlyoi@wordpress.com,Bigender,34446,22
884,Jelene,Kightly,jkightlyoj@last.fm,Female,149760,20
885,Bengt,Baythorp,bbaythorpok@opensource.org,Male,138719,30
886,Sargent,Godmer,sgodmerol@fastcompany.com,Male,41023,13
887,Bernice,Gettins,bgettinsom@cocolog-nifty.com,Female,89301,36
888,Felecia,Croughan,fcroughanon@buzzfeed.com,Female,75888,3
889,Rufe,Klemencic,rklemencicoo@deliciousdays.com,Male,165456,37
890,Albie,Gilbeart,agilbeartop@yahoo.co.jp,Male,31464,29
891,Leisha,Halliwell,lhalliwelloq@elegantthemes.com,Female,134229,40
892,Northrup,Whittington,nwhittingtonor@sogou.com,Male,125214,17
893,Hollyanne,Le Sieur,hlesieuros@webs.com,Female,176002,11
894,Gregorio,McNirlan,gmcnirlanot@edublogs.org,Male,145069,39
895,Susanna,Loadman,sloadmanou@tamu.edu,Female,82025,30
896,Dinah,Marrison,dmarrisonov@fda.gov,Female,134851,40
897,Bernhard,Desbrow,bdesbrowow@mayoclinic.com,Male,32980,2
898,Terrel,Scottini,tscottiniox@soup.io,Agender,145723,16
899,Dorolisa,Fairlam,dfairlamoy@canalblog.com,Female,115906,17
900,Holden,Kinder,hkinderoz@google.nl,Male,195723,40
901,Paulo,Mableson,pmablesonp0@illinois.edu,Male,152410,3
902,Kory,Huffa,khuffap1@360.cn,Male,80730,37
903,Knox,Troake,ktroakep2@canalblog.com,Male,55668,8
904,Rodrick,Maldin,rmaldinp3@nps.gov,Male,127853,17
905,Nerte,Fudger,nfudgerp4@disqus.com,Polygender,54366,2
906,Dynah,Emeney,demeneyp5@fastcompany.com,Female,45772,18
907,Mehetabel,Vaggers,mvaggersp6@taobao.com,Female,48345,8
908,Harmonia,Diamant,hdiamantp7@webmd.com,Agender,132154,19
909,Townie,Tampling,ttamplingp8@tripadvisor.com,Male,136436,17
910,Kellsie,Thacke,kthackep9@ameblo.jp,Female,135195,3
911,Jaynell,Nutbeem,jnutbeempa@nsw.gov.au,Polygender,186605,10
912,Dodi,Rivelin,drivelinpb@vk.com,Female,30947,32
913,Sallyann,Slevin,sslevinpc@go.com,Female,76108,8
914,Felix,Rosenstock,frosenstockpd@businessweek.com,Male,138939,37
915,Monro,Pretty,mprettype@weebly.com,Male,88154,39
916,Banky,Hanalan,bhanalanpf@nationalgeographic.com,Male,193686,1
917,Aggie,McMylor,amcmylorpg@newyorker.com,Female,137569,25
918,Daveta,Commuzzo,dcommuzzoph@ehow.com,Female,77486,18
919,Eirena,Cassam,ecassampi@wix.com,Female,77204,16
920,Tallie,Pleat,tpleatpj@simplemachines.org,Female,33587,13
921,Melli,Ivel,mivelpk@dailymotion.com,Female,66413,24
922,Sandra,Lorey,sloreypl@go.com,Female,73665,18
923,Eadith,Blay,eblaypm@google.pl,Genderfluid,192980,38
924,Lalo,Lachaize,llachaizepn@g.co,Male,58574,20
925,Wakefield,Elstub,welstubpo@nba.com,Male,77066,5
926,Ingemar,Damiral,idamiralpp@usa.gov,Male,48010,31
927,Lissie,Durling,ldurlingpq@army.mil,Female,152189,34
928,Rozella,Grimmert,rgrimmertpr@rambler.ru,Female,88390,23
929,Fiorenze,Berecloth,fbereclothps@flickr.com,Genderfluid,67737,29
930,Cassi,Frascone,cfrasconept@marriott.com,Female,72442,7
931,Dominique,Kneafsey,dkneafseypu@gnu.org,Female,136967,3
932,Shoshanna,Karpman,skarpmanpv@geocities.jp,Polygender,146402,34
933,Frans,Jirieck,fjirieckpw@addtoany.com,Male,155983,24
934,Merrily,Beldan,mbeldanpx@privacy.gov.au,Female,166838,39
935,Trish,Dovington,tdovingtonpy@vistaprint.com,Female,168809,34
936,Mickey,Brackley,mbrackleypz@typepad.com,Male,100215,17
937,Tony,Dilland,tdillandq0@globo.com,Male,169844,11
938,Frankie,Dalgleish,fdalgleishq1@google.fr,Non-binary,69608,3
939,Cyndy,Macvain,cmacvainq2@deviantart.com,Female,64422,4
940,Carmela,Santacrole,csantacroleq3@icio.us,Female,192711,37
941,Henrie,Dougill,hdougillq4@php.net,Female,79132,15
942,Brunhilde,McKinnon,bmckinnonq5@senate.gov,Female,75604,37
943,Latisha,Batecok,lbatecokq6@hugedomains.com,Female,31124,21
944,Rodrique,Bartolini,rbartoliniq7@webs.com,Male,38125,7
945,Asher,Chaddock,achaddockq8@washingtonpost.com,Male,157716,20
946,Terrence,Suttill,tsuttillq9@biglobe.ne.jp,Male,111811,7
947,Neal,Labbet,nlabbetqa@arstechnica.com,Male,141395,17
948,Wilmer,Olley,wolleyqb@mayoclinic.com,Male,175270,12
949,Carissa,Bagott,cbagottqc@ezinearticles.com,Female,47946,19
950,Bobbee,Hurlston,bhurlstonqd@fastcompany.com,Female,41398,10
951,Shanon,Gerling,sgerlingqe@godaddy.com,Female,59231,5
952,Merrick,Stace,mstaceqf@hexun.com,Male,41933,4
953,Gennie,Haliday,ghalidayqg@blogs.com,Female,155252,11
954,Carolan,Gater,cgaterqh@java.com,Female,151640,3
955,Louisa,Jozef,ljozefqi@nih.gov,Bigender,42079,39
956,Nada,Steuhlmeyer,nsteuhlmeyerqj@wikia.com,Female,111084,38
957,Perri,Gillan,pgillanqk@spotify.com,Female,142572,7
958,Noreen,Croix,ncroixql@etsy.com,Polygender,86124,34
959,Godfry,Licciardiello,glicciardielloqm@amazonaws.com,Male,39519,27
960,Anna,Monnoyer,amonnoyerqn@mediafire.com,Female,84603,26
961,Rosabelle,Segar,rsegarqo@1und1.de,Female,104132,10
962,Esmaria,Albarez,ealbarezqp@jimdo.com,Female,38135,36
963,Eugen,Pilmore,epilmoreqq@sciencedirect.com,Male,157709,28
964,Sully,Meryett,smeryettqr@walmart.com,Male,120142,32
965,Germaine,Kloisner,gkloisnerqs@weebly.com,Male,141271,29
966,Ramsay,Sitford,rsitfordqt@icio.us,Male,68340,22
967,Carmel,Hallitt,challittqu@addthis.com,Female,52824,3
968,Nancee,Wilderspoon,nwilderspoonqv@cyberchimps.com,Female,164535,22
969,Adriane,Fendlen,afendlenqw@shutterfly.com,Agender,126937,1
970,Christiana,Okker,cokkerqx@webmd.com,Female,41597,9
971,Fabio,Natwick,fnatwickqy@canalblog.com,Male,94895,31
972,Pavel,Brewer,pbrewerqz@de.vu,Male,134614,16
973,Christophe,Berney,cberneyr0@kickstarter.com,Male,104952,13
974,Cob,Feuell,cfeuellr1@usa.gov,Male,182358,36
975,Shelia,Sperrett,ssperrettr2@house.gov,Female,137783,9
976,Leigh,Densell,ldensellr3@blogtalkradio.com,Female,58136,33
977,Henrie,Stonnell,hstonnellr4@theglobeandmail.com,Female,71253,14
978,Keslie,MacNeillie,kmacneillier5@dropbox.com,Female,83537,38
979,Paulita,Finder,pfinderr6@tripod.com,Female,49994,40
980,Markos,Fransseni,mfranssenir7@google.com,Male,41947,13
981,Purcell,Wolvey,pwolveyr8@studiopress.com,Agender,100173,6
982,Gaston,Tankard,gtankardr9@un.org,Male,48078,4
983,Hobie,Manston,hmanstonra@ox.ac.uk,Male,50682,34
984,Lindsy,Muncer,lmuncerrb@gmpg.org,Female,82753,17
985,Roseann,Qualtro,rqualtrorc@nature.com,Female,46875,6
986,Vivienne,Jacklin,vjacklinrd@pagesperso-orange.fr,Female,92879,35
987,Maxwell,Million,mmillionre@theatlantic.com,Male,97539,6
988,Candis,Ringe,cringerf@craigslist.org,Polygender,146976,32
989,Eldredge,Courvert,ecourvertrg@timesonline.co.uk,Male,179000,33
990,Rubina,Galland,rgallandrh@indiatimes.com,Female,58168,1
991,Ritchie,Chauvey,rchauveyri@mit.edu,Male,77758,10
992,Robbyn,Ogbourne,rogbournerj@dedecms.com,Female,182434,30
993,Bianca,Retter,bretterrk@histats.com,Female,183915,23
994,Vernen,Rayhill,vrayhillrl@craigslist.org,Male,155275,24
995,Baldwin,Fryers,bfryersrm@4shared.com,Male,53475,10
996,Cairistiona,Mullinger,cmullingerrn@yahoo.com,Female,144155,8
997,Esmaria,Lagde,elagdero@pen.io,Female,96353,15
998,Benni,Gilderoy,bgilderoyrp@ox.ac.uk,Female,185707,8
999,Phineas,Dunmuir,pdunmuirrq@elpais.com,Bigender,180372,2
1000,Starlene,Rittmeyer,srittmeyerrr@squarespace.com,Female,32228,11
