id,first_name,last_name,email_address,gender,yearly_salary,years_of_experience
1,Lucy,Vuitton,lvuitton0@dedecms.com,Female,195230,22
2,Kellsie,Snelson,ksnelson1@topsy.com,Female,110932,32
3,Dani,Badini,dbadini2@etsy.com,Male,73477,11
4,Godfry,Dewerson,gdewerson3@cnn.com,Male,36131,40
5,Katharyn,People,kpeople4@irs.gov,Female,164613,32
6,Tomkin,Keir,tkeir5@dion.ne.jp,Male,114292,32
7,Laurene,Slark,lslark6@stumbleupon.com,Female,152749,4
8,Lemuel,Oattes,loattes7@patch.com,Male,109781,29
9,Jessy,Plenderleith,jplenderleith8@lycos.com,Female,150323,14
10,Jacklyn,Scuffham,jscuffham9@cpanel.net,Female,111926,29
11,Jaime,Gaynesford,jgaynesforda@cmu.edu,Male,155184,30
12,Bordie,Klimshuk,bklimshukb@posterous.com,Male,153278,1
13,Joly,Dunsire,jdunsirec@fotki.com,Female,59185,6
14,Mabelle,Alcido,malcidod@ca.gov,Female,53271,29
15,Elizabet,Braybrooks,ebraybrookse@time.com,Female,141969,11
16,Marcus,Cogdon,mcogdonf@homestead.com,Male,107948,19
17,Gris,Scotchmur,gscotchmurg@jimdo.com,Male,36304,39
18,Sileas,Livoir,slivoirh@twitter.com,Female,66574,36
19,Payton,Brignell,pbrignelli@storify.com,Male,107253,40
20,Ethan,Elvins,eelvinsj@archive.org,Male,184336,37
21,Eugene,Carden,ecardenk@icio.us,Male,148189,2
22,Libbey,Bradbrook,lbradbrookl@mlb.com,Female,97417,38
23,Willy,Weben,wwebenm@i2i.jp,Male,115939,20
24,Roshelle,Dodshon,rdodshonn@psu.edu,Genderqueer,160121,39
25,Guglielmo,Gittus,ggittuso@cnet.com,Male,72556,2
26,Kaitlyn,Beernaert,kbeernaertp@google.de,Female,96659,18
27,Wendi,Treske,wtreskeq@zdnet.com,Female,102133,1
28,Wynn,Zanutti,wzanuttir@wikia.com,Male,138021,14
29,Merla,Roseborough,mroseboroughs@theatlantic.com,Female,106691,2
30,Yancy,Wrigley,ywrigleyt@about.com,Male,184761,8
31,Teressa,Akehurst,takehurstu@devhub.com,Female,109498,22
32,Maurise,Ellingworth,mellingworthv@qq.com,Male,128456,21
33,Star,Holsey,sholseyw@google.ru,Female,74560,16
34,Grace,Blazic,gblazicx@delicious.com,Male,133987,31
35,Scottie,Jaffa,sjaffay@ted.com,Male,183267,17
36,Donelle,Kildahl,dkildahlz@vkontakte.ru,Female,52202,27
37,Cal,Polendine,cpolendine10@weather.com,Bigender,147953,19
38,Erny,Cuchey,ecuchey11@java.com,Male,140821,14
39,Erroll,Mainds,emainds12@msn.com,Male,89825,27
40,Meridel,Capps,mcapps13@weebly.com,Female,44874,6
41,Hubey,Loads,hloads14@webnode.com,Male,197292,1
42,Isabeau,Eplett,ieplett15@prweb.com,Female,164456,17
43,Allegra,Sobieski,asobieski16@blogtalkradio.com,Female,143166,38
44,Jacqui,Binfield,jbinfield17@usgs.gov,Female,142342,10
45,Kaitlin,Dunkerk,kdunkerk18@sourceforge.net,Female,149310,32
46,Shirley,Hazael,shazael19@4shared.com,Female,111347,12
47,Jean,McHardy,jmchardy1a@free.fr,Male,38343,8
48,Jarad,Tayler,jtayler1b@slideshare.net,Male,53333,31
49,Arlana,Greger,agreger1c@alibaba.com,Female,143910,16
50,Danya,Cristoferi,dcristoferi1d@webeden.co.uk,Male,87894,7
51,Mead,Locket,mlocket1e@usnews.com,Male,157560,34
52,Averill,Mariyushkin,amariyushkin1f@com.com,Male,125900,29
53,Jacquelynn,Szymanzyk,jszymanzyk1g@cisco.com,Female,163027,1
54,Woodrow,Langhor,wlanghor1h@statcounter.com,Male,45022,33
55,Allie,Egleton,aegleton1i@dropbox.com,Male,51409,28
56,Heinrick,Haggus,hhaggus1j@blogtalkradio.com,Male,38783,40
57,Thacher,Greenhouse,tgreenhouse1k@youtu.be,Agender,157672,31
58,Penrod,Rewcassell,prewcassell1l@squidoo.com,Male,39678,11
59,Clair,Niven,cniven1m@twitpic.com,Female,195258,12
60,Hashim,Pears,hpears1n@mac.com,Male,131747,8
61,Row,Scallan,rscallan1o@webnode.com,Female,62987,6
62,Channa,Shorie,cshorie1p@barnesandnoble.com,Female,101323,21
63,Eddi,Al Hirsi,ealhirsi1q@army.mil,Female,150785,31
64,Kahlil,Rustich,krustich1r@is.gd,Male,51528,6
65,Davey,Haimes,dhaimes1s@google.com.hk,Genderfluid,94158,13
66,Sydney,Widmoor,swidmoor1t@homestead.com,Female,83689,34
67,Therine,Ing,ting1u@nytimes.com,Female,195447,30
68,Mabel,Matterson,mmatterson1v@huffingtonpost.com,Female,183991,27
69,Englebert,Kittredge,ekittredge1w@sfgate.com,Male,84899,7
70,Hube,Dorre,hdorre1x@toplist.cz,Male,131025,26
71,Sibilla,McCreagh,smccreagh1y@networksolutions.com,Female,177155,17
72,Charin,Sibly,csibly1z@jigsy.com,Female,33992,27
73,Burty,Doumerque,bdoumerque20@odnoklassniki.ru,Male,113221,21
74,Wye,Zahor,wzahor21@about.me,Male,153228,20
75,Eduino,Massingham,emassingham22@youku.com,Genderfluid,52394,9
76,Richmond,Cason,rcason23@qq.com,Male,89750,35
77,Myrvyn,Mycock,mmycock24@unblog.fr,Male,155244,5
78,Percy,Kinloch,pkinloch25@4shared.com,Male,78188,28
79,Kim,Kevane,kkevane26@google.es,Agender,195177,11
80,Hannis,Caiger,hcaiger27@kickstarter.com,Genderqueer,81582,21
81,Carolina,Brenneke,cbrenneke28@freewebs.com,Female,68360,11
82,Cornela,Salaman,csalaman29@barnesandnoble.com,Polygender,54717,16
83,Leland,Mityashin,lmityashin2a@ebay.com,Male,58975,37
84,Kent,Strass,kstrass2b@so-net.ne.jp,Male,72995,32
85,Federica,Springle,fspringle2c@webs.com,Female,62714,14
86,Francklyn,McIllroy,fmcillroy2d@gnu.org,Male,127356,25
87,Bil,Danilovitch,bdanilovitch2e@omniture.com,Male,168533,19
88,Morlee,Guihen,mguihen2f@tripod.com,Male,129992,13
89,Irwinn,Gueny,igueny2g@fema.gov,Male,150468,12
90,Wanda,Chifney,wchifney2h@feedburner.com,Female,188027,32
91,Paquito,Bodker,pbodker2i@nih.gov,Male,130234,17
92,Dedra,MacMenamie,dmacmenamie2j@google.co.jp,Female,54277,26
93,Crista,McSweeney,cmcsweeney2k@g.co,Female,119329,18
94,Otho,Joul,ojoul2l@yahoo.co.jp,Male,35388,8
95,Brannon,Pigot,bpigot2m@tmall.com,Male,115045,6
96,Kendall,De Biasi,kdebiasi2n@jimdo.com,Male,141113,38
97,Sheilah,Giovannelli,sgiovannelli2o@fc2.com,Female,75073,15
98,Gabrila,Rudyard,grudyard2p@symantec.com,Agender,64374,37
99,Artur,Mercey,amercey2q@nymag.com,Male,86244,35
100,Ingrid,Sandever,isandever2r@scribd.com,Female,77900,1
101,Maddi,Devo,mdevo2s@studiopress.com,Female,129290,5
102,Reid,Hayller,rhayller2t@marriott.com,Male,180782,33
103,Betsey,Rouzet,brouzet2u@uiuc.edu,Genderqueer,180030,30
104,Truman,Dooly,tdooly2v@e-recht24.de,Male,62287,26
105,Darrell,Greatrakes,dgreatrakes2w@statcounter.com,Male,168390,35
106,Angeline,Stranaghan,astranaghan2x@goo.gl,Female,128663,34
107,John,Greenhowe,jgreenhowe2y@wix.com,Male,191984,24
108,Garvy,Jearum,gjearum2z@google.fr,Male,50270,36
109,Dory,Whenman,dwhenman30@nba.com,Female,129002,29
110,Torrey,Bamfield,tbamfield31@usgs.gov,Male,156289,36
111,Ninon,Fynan,nfynan32@scribd.com,Female,134870,11
112,Chariot,Plant,cplant33@bloglines.com,Genderqueer,112223,19
113,Waverley,Goodlet,wgoodlet34@amazon.co.jp,Male,65795,32
114,Domingo,Vassel,dvassel35@godaddy.com,Non-binary,179186,11
115,Drake,Brand,dbrand36@vkontakte.ru,Male,111026,2
116,Robin,Sinclaire,rsinclaire37@cocolog-nifty.com,Male,71029,29
117,Amalie,Brightman,abrightman38@skyrock.com,Female,138167,35
118,Beale,Trower,btrower39@redcross.org,Male,193921,7
119,Candide,Tilt,ctilt3a@pcworld.com,Female,47083,39
120,Bertrando,Kerfod,bkerfod3b@mayoclinic.com,Bigender,94810,5
121,Sallee,Pellant,spellant3c@dedecms.com,Female,170116,24
122,Husein,Peakman,hpeakman3d@seattletimes.com,Male,73069,27
123,Gerome,Warrick,gwarrick3e@nps.gov,Male,58508,31
124,Antoinette,Chipman,achipman3f@sina.com.cn,Female,32149,29
125,Spence,Olivi,solivi3g@opensource.org,Male,186765,31
126,Lionello,Linnitt,llinnitt3h@mtv.com,Male,92358,14
127,Shandy,Leopard,sleopard3i@blog.com,Female,115765,26
128,Ruby,Pepall,rpepall3j@feedburner.com,Female,40374,16
129,Wolfy,Fairpool,wfairpool3k@networksolutions.com,Male,164776,3
130,Myca,Gebuhr,mgebuhr3l@aol.com,Male,55528,9
131,Finn,Bottell,fbottell3m@paypal.com,Male,162827,38
132,Maxy,Taill,mtaill3n@buzzfeed.com,Female,114500,2
133,Pauline,Twelves,ptwelves3o@yelp.com,Female,160064,23
134,Steffane,Bulbrook,sbulbrook3p@qq.com,Female,49468,8
135,Andie,MacFadden,amacfadden3q@icq.com,Male,197866,40
136,Saba,Cianelli,scianelli3r@t.co,Female,189424,7
137,Elliot,Kassidy,ekassidy3s@hibu.com,Male,88358,27
138,Gabe,Calcutt,gcalcutt3t@usda.gov,Male,142051,36
139,Demetris,Gallyhaock,dgallyhaock3u@geocities.jp,Male,199010,4
140,Aldwin,Norcock,anorcock3v@bluehost.com,Male,152668,32
141,Ashlee,Gregersen,agregersen3w@rambler.ru,Female,190086,35
142,Kimmie,Camillo,kcamillo3x@sakura.ne.jp,Female,128517,24
143,Haskell,Tilford,htilford3y@fc2.com,Male,33574,33
144,Shannah,Cremins,scremins3z@java.com,Female,54908,24
145,Rollie,Simmans,rsimmans40@blinklist.com,Male,140454,4
146,Ursola,Freeborn,ufreeborn41@tinypic.com,Female,142478,9
147,Austen,Sutliff,asutliff42@qq.com,Male,124001,17
148,Min,Schoenleiter,mschoenleiter43@buzzfeed.com,Female,189997,7
149,Charley,Havis,chavis44@youtube.com,Male,153397,25
150,Giffer,Liddard,gliddard45@house.gov,Male,41932,20
151,Louis,Dorrell,ldorrell46@bigcartel.com,Male,142291,19
152,Garland,Napolitano,gnapolitano47@cam.ac.uk,Female,190573,4
153,Franciskus,Ripping,fripping48@canalblog.com,Polygender,169818,39
154,Toby,Mico,tmico49@google.cn,Male,143659,30
155,Bary,Chesnut,bchesnut4a@boston.com,Male,85037,23
156,Toiboid,Mingardo,tmingardo4b@clickbank.net,Male,42894,40
157,Abbe,Ricciardello,aricciardello4c@plala.or.jp,Male,65647,32
158,Christophe,Parkman,cparkman4d@zdnet.com,Male,81010,37
159,Allis,Pfeifer,apfeifer4e@disqus.com,Female,151339,3
160,Dania,Rapp,drapp4f@blog.com,Genderfluid,74961,21
161,Leah,Filipychev,lfilipychev4g@surveymonkey.com,Agender,166475,15
162,Adda,Barlas,abarlas4h@baidu.com,Female,169268,37
163,Bidget,Abramowsky,babramowsky4i@europa.eu,Female,113148,13
164,Faustine,Couldwell,fcouldwell4j@barnesandnoble.com,Female,110403,32
165,Trip,Tresise,ttresise4k@woothemes.com,Male,58164,21
166,Josie,Nand,jnand4l@squarespace.com,Female,157186,13
167,Sibbie,Verney,sverney4m@over-blog.com,Female,125114,1
168,Ramonda,Gallanders,rgallanders4n@sfgate.com,Female,58513,22
169,Ban,Sebert,bsebert4o@cafepress.com,Male,187678,8
170,Mel,Drains,mdrains4p@hugedomains.com,Male,100104,23
171,Natale,Clutheram,nclutheram4q@webs.com,Male,105681,18
172,Anastasia,Rillatt,arillatt4r@fda.gov,Female,103258,37
173,Geri,Sylett,gsylett4s@cloudflare.com,Female,138470,31
174,Arlinda,Pottage,apottage4t@indiatimes.com,Female,196422,37
175,Eden,Boyson,eboyson4u@github.io,Female,140298,32
176,Luther,Pearcy,lpearcy4v@cmu.edu,Male,41746,5
177,Corrina,Berger,cberger4w@diigo.com,Female,123167,25
178,Amitie,Evangelinos,aevangelinos4x@globo.com,Female,174085,9
179,Flory,Silvers,fsilvers4y@illinois.edu,Female,49185,34
180,Hasheem,Hearl,hhearl4z@4shared.com,Male,81336,27
181,Levin,Rountree,lrountree50@bbc.co.uk,Male,64596,37
182,Carroll,Gilcriest,cgilcriest51@google.de,Male,166953,33
183,Donn,Goodenough,dgoodenough52@topsy.com,Male,79237,4
184,Vasilis,Tendahl,vtendahl53@biblegateway.com,Bigender,60434,15
185,Vin,Slidders,vslidders54@furl.net,Male,86694,3
186,Zoe,Balas,zbalas55@whitehouse.gov,Female,121284,16
187,Rustie,Arnaudin,rarnaudin56@creativecommons.org,Male,76854,10
188,Osbourn,Anyon,oanyon57@alexa.com,Male,165752,37
189,Dreddy,Shalloo,dshalloo58@alexa.com,Female,163976,8
190,Tuckie,Kimmerling,tkimmerling59@163.com,Non-binary,108587,11
191,Brew,Haken,bhaken5a@go.com,Male,147879,16
192,Lois,Colling,lcolling5b@live.com,Female,190316,35
193,Louise,Jachtym,ljachtym5c@dailymotion.com,Female,167954,25
194,Zebulon,Rummer,zrummer5d@admin.ch,Male,184943,5
195,Thomasine,Peploe,tpeploe5e@360.cn,Female,160286,16
196,Frasier,Webby,fwebby5f@smugmug.com,Male,73973,15
197,Orelia,Pfeffel,opfeffel5g@biblegateway.com,Female,182614,3
198,Brook,Bedlington,bbedlington5h@microsoft.com,Genderfluid,131841,14
199,Coreen,Storer,cstorer5i@indiegogo.com,Female,129219,15
200,Sapphira,Acors,sacors5j@netvibes.com,Female,149832,21
201,Tomaso,Twinbourne,ttwinbourne5k@columbia.edu,Polygender,30192,17
202,Mirabelle,Wiggam,mwiggam5l@surveymonkey.com,Female,135649,5
203,Velvet,MacKimmie,vmackimmie5m@taobao.com,Female,111248,3
204,Edward,Foystone,efoystone5n@technorati.com,Male,172853,39
205,Marmaduke,Shetliff,mshetliff5o@telegraph.co.uk,Male,165520,26
206,Conroy,Bultitude,cbultitude5p@icq.com,Male,31370,38
207,Saundra,Grassot,sgrassot5q@mozilla.org,Male,49362,40
208,Antoine,Delacourt,adelacourt5r@ebay.com,Male,56767,11
209,Mellie,Shenfish,mshenfish5s@go.com,Female,154242,36
210,Alberik,Rishworth,arishworth5t@hexun.com,Male,54208,21
211,Aileen,Costellow,acostellow5u@bizjournals.com,Female,141639,27
212,Vanna,Atwood,vatwood5v@yandex.ru,Female,89127,31
213,Tamas,Blinerman,tblinerman5w@yahoo.com,Male,180810,10
214,Haskell,Ebbing,hebbing5x@github.io,Male,94722,21
215,Wash,DeSousa,wdesousa5y@wikimedia.org,Male,160451,29
216,Frannie,Aldiss,faldiss5z@hexun.com,Female,85535,20
217,Benedicto,Eckford,beckford60@tripadvisor.com,Male,64337,19
218,Pinchas,Chettle,pchettle61@intel.com,Bigender,148196,22
219,Christoph,Mish,cmish62@histats.com,Male,118206,9
220,Dewey,Fance,dfance63@instagram.com,Male,44228,29
221,Heinrik,Pinner,hpinner64@elpais.com,Male,130773,14
222,Leonhard,Jaegar,ljaegar65@auda.org.au,Male,148568,33
223,Chaddy,McCabe,cmccabe66@hp.com,Male,54950,8
224,Korey,Schubert,kschubert67@statcounter.com,Genderfluid,79605,21
225,Mead,Gorvette,mgorvette68@hubpages.com,Male,171719,18
226,Annadiane,Wodham,awodham69@drupal.org,Female,162349,23
227,Russell,Orrett,rorrett6a@godaddy.com,Male,60470,36
228,Peterus,Mault,pmault6b@google.es,Male,77502,23
229,Rod,Sopp,rsopp6c@google.com.hk,Male,122066,33
230,Cindi,Trivett,ctrivett6d@disqus.com,Female,112788,38
231,Issiah,Leete,ileete6e@ucoz.com,Male,158506,35
232,Aeriell,Jury,ajury6f@rambler.ru,Female,143984,9
233,Ianthe,Curwen,icurwen6g@soup.io,Female,42001,12
234,Leonidas,MacQueen,lmacqueen6h@zdnet.com,Male,73901,11
235,Christophorus,Mityashev,cmityashev6i@unblog.fr,Male,151761,8
236,Antonietta,Howgego,ahowgego6j@ftc.gov,Female,129072,16
237,Heriberto,Ferens,hferens6k@tinypic.com,Male,111538,29
238,Micheline,Willows,mwillows6l@goo.gl,Female,108046,38
239,Marisa,Aronstein,maronstein6m@yellowbook.com,Female,179091,39
240,Jacklin,Seldner,jseldner6n@icio.us,Female,37299,20
241,Brenden,Ganforthe,bganforthe6o@usatoday.com,Male,146553,14
242,Federico,Eacle,feacle6p@amazon.co.uk,Polygender,89886,18
243,Hans,Beagen,hbeagen6q@ustream.tv,Male,158524,11
244,Linnet,Laurenson,llaurenson6r@twitpic.com,Female,115516,13
245,Gabriell,Borg-Bartolo,gborgbartolo6s@simplemachines.org,Non-binary,155481,12
246,Rivi,Happel,rhappel6t@dion.ne.jp,Female,159465,29
247,Kamilah,Futty,kfutty6u@merriam-webster.com,Female,149001,3
248,Clint,Canny,ccanny6v@trellian.com,Male,178618,19
249,Bren,MacIlriach,bmacilriach6w@taobao.com,Male,100771,19
250,Odetta,Lambertini,olambertini6x@phoca.cz,Female,69603,37
251,Janet,Robers,jrobers6y@bloglines.com,Female,124253,21
252,Yettie,Mews,ymews6z@google.es,Bigender,85187,32
253,Hillier,Cholton,hcholton70@flickr.com,Male,85864,12
254,Sue,Ritmeier,sritmeier71@columbia.edu,Bigender,36502,35
255,Lurleen,Katt,lkatt72@google.nl,Female,85647,22
256,Onfroi,Pleaden,opleaden73@amazon.com,Male,145791,27
257,Kattie,Wyper,kwyper74@csmonitor.com,Female,179220,24
258,Fitz,Orsay,forsay75@forbes.com,Male,93667,24
259,Demott,Chidgey,dchidgey76@netvibes.com,Male,137397,21
260,Lavinie,O'Corren,locorren77@statcounter.com,Female,72133,27
261,Danella,Mohamed,dmohamed78@t.co,Female,180103,23
262,Ibby,Polycote,ipolycote79@soup.io,Female,103902,2
263,Lottie,Colebourn,lcolebourn7a@wikispaces.com,Female,83594,13
264,Liliane,Aymes,laymes7b@gov.uk,Polygender,40922,9
265,Mill,Fratson,mfratson7c@google.co.jp,Male,184638,28
266,Helsa,Jordon,hjordon7d@wunderground.com,Female,43866,6
267,Joel,Dearell,jdearell7e@webmd.com,Male,143263,12
268,Starlene,Szabo,sszabo7f@chron.com,Female,58915,20
269,Adelice,Congdon,acongdon7g@sciencedirect.com,Female,105039,39
270,Hansiain,Smissen,hsmissen7h@yellowpages.com,Male,132743,1
271,Danila,Drummond,ddrummond7i@altervista.org,Agender,179123,38
272,Gayle,Prothero,gprothero7j@tripadvisor.com,Female,130591,32
273,Calvin,Pavek,cpavek7k@canalblog.com,Male,121421,12
274,Bernie,Dyott,bdyott7l@deviantart.com,Male,146972,8
275,Xenos,Benardette,xbenardette7m@si.edu,Male,52581,26
276,Trevor,Louis,tlouis7n@redcross.org,Male,96688,20
277,Chloette,Crottagh,ccrottagh7o@meetup.com,Female,165904,15
278,Quinn,Stickney,qstickney7p@about.me,Female,126392,9
279,Cathrine,Meace,cmeace7q@omniture.com,Female,104368,26
280,Mateo,Twohig,mtwohig7r@moonfruit.com,Male,91252,27
281,Caryl,Giovannacci,cgiovannacci7s@facebook.com,Female,52592,18
282,Faustina,Abramamov,fabramamov7t@sfgate.com,Female,112996,3
283,Ulises,Newlands,unewlands7u@auda.org.au,Male,76279,27
284,Jobi,Inman,jinman7v@discuz.net,Female,119714,13
285,Rani,Dudman,rdudman7w@over-blog.com,Female,112621,5
286,Teddy,Lauder,tlauder7x@w3.org,Male,113823,3
287,Garey,Dominichetti,gdominichetti7y@elegantthemes.com,Male,197865,38
288,Nance,Rennolds,nrennolds7z@cbc.ca,Female,183688,3
289,Sallie,Copelli,scopelli80@state.tx.us,Female,137728,14
290,Adelbert,Glowacki,aglowacki81@desdev.cn,Male,74856,14
291,Julie,Arntzen,jarntzen82@forbes.com,Female,52166,3
292,Ulysses,Jenks,ujenks83@gov.uk,Male,183632,6
293,Berti,Digby,bdigby84@go.com,Male,101466,17
294,Vlad,Rattray,vrattray85@geocities.jp,Male,65746,26
295,Tuckie,Burchett,tburchett86@macromedia.com,Male,105926,5
296,Aymer,Mower,amower87@nyu.edu,Male,199687,29
297,Doreen,Dedon,ddedon88@nbcnews.com,Female,157153,13
298,Hadley,Sherreard,hsherreard89@freewebs.com,Male,176460,36
299,Sandie,Egentan,segentan8a@theguardian.com,Female,111517,27
300,Phillipp,Sitlington,psitlington8b@opera.com,Male,191258,9
301,Rose,Powis,rpowis8c@mysql.com,Female,142852,15
302,Gawen,Southey,gsouthey8d@ft.com,Male,134485,12
303,Marianne,Champley,mchampley8e@prweb.com,Female,147412,32
304,Marie-ann,Garner,mgarner8f@npr.org,Female,31583,21
305,Lorena,Impey,limpey8g@google.ca,Female,66606,20
306,Theodor,Docharty,tdocharty8h@wordpress.com,Male,114419,24
307,Genevieve,Nemchinov,gnemchinov8i@census.gov,Non-binary,172971,39
308,Bernardina,Heineke,bheineke8j@chronoengine.com,Female,138967,37
309,Frederigo,Longstreet,flongstreet8k@netscape.com,Male,133547,32
310,Lucas,Domenici,ldomenici8l@google.it,Male,95778,38
311,Haydon,Claisse,hclaisse8m@fastcompany.com,Agender,193425,20
312,Christos,Valentine,cvalentine8n@utexas.edu,Male,161909,40
313,Jarrad,Mahon,jmahon8o@elegantthemes.com,Male,170031,33
314,Lianne,Stokell,lstokell8p@ow.ly,Female,114272,36
315,Erhart,Folonin,efolonin8q@umich.edu,Male,165233,19
316,Jourdan,Wimbury,jwimbury8r@amazonaws.com,Female,96116,30
317,Dora,Coats,dcoats8s@yandex.ru,Female,186883,16
318,Nicolina,Pittet,npittet8t@over-blog.com,Female,81014,23
319,Louie,Braznell,lbraznell8u@ucla.edu,Genderqueer,43308,7
320,Lincoln,Seer,lseer8v@ow.ly,Male,46109,12
321,Yovonnda,Simonutti,ysimonutti8w@ovh.net,Female,132620,35
322,Feodora,Burge,fburge8x@jalbum.net,Female,168479,13
323,Scottie,Hesse,shesse8y@tinyurl.com,Male,33795,25
324,Sheppard,Ludvigsen,sludvigsen8z@yolasite.com,Male,99336,14
325,Robbie,Stannett,rstannett90@ovh.net,Male,196796,9
326,Ginelle,Trenholme,gtrenholme91@reddit.com,Female,190520,36
327,Romola,Trelevan,rtrelevan92@bing.com,Female,115883,14
328,Leanora,Mariault,lmariault93@addthis.com,Female,30024,9
329,Roobbie,Sager,rsager94@illinois.edu,Non-binary,170073,15
330,Patric,Brownlow,pbrownlow95@google.com.br,Genderfluid,63997,35
331,Janetta,Fetterplace,jfetterplace96@angelfire.com,Female,125449,4
332,Arlena,Twigg,atwigg97@google.it,Female,57843,27
333,Elfrida,Molineux,emolineux98@sfgate.com,Female,99148,6
334,Kathi,Kornousek,kkornousek99@ucla.edu,Female,150199,30
335,Marquita,Spearman,mspearman9a@de.vu,Female,107795,18
336,Abigale,Vogl,avogl9b@vimeo.com,Female,174789,33
337,Gordy,Ornelas,gornelas9c@devhub.com,Male,32762,16
338,Nickie,Callar,ncallar9d@harvard.edu,Male,193471,27
339,Tucker,Bedle,tbedle9e@furl.net,Male,149703,9
340,Hortense,Starling,hstarling9f@google.es,Female,167434,11
341,Ertha,Sanchis,esanchis9g@phoca.cz,Female,56249,12
342,Phillida,Mengue,pmengue9h@netvibes.com,Female,127546,6
343,Hermione,Dockreay,hdockreay9i@usatoday.com,Female,174107,35
344,Aretha,Willacot,awillacot9j@pcworld.com,Female,96650,3
345,Gayle,Tilbury,gtilbury9k@gravatar.com,Male,195216,39
346,Hector,Musso,hmusso9l@networksolutions.com,Male,131546,37
347,Adena,Varfolomeev,avarfolomeev9m@blogs.com,Female,128818,35
348,Tabitha,McAtamney,tmcatamney9n@rambler.ru,Female,147533,26
349,Genevieve,O'Moylane,gomoylane9o@google.com.hk,Female,81944,27
350,Herc,Lazar,hlazar9p@epa.gov,Male,187691,1
351,Bibbie,Weitzel,bweitzel9q@elegantthemes.com,Female,139092,24
352,Gamaliel,Frogley,gfrogley9r@tumblr.com,Genderfluid,41425,20
353,Carce,Gilling,cgilling9s@desdev.cn,Polygender,73032,11
354,Ab,Teas,ateas9t@google.fr,Non-binary,108289,14
355,Ernestine,Marskell,emarskell9u@reuters.com,Female,110544,2
356,Davon,Fitzsymon,dfitzsymon9v@rambler.ru,Male,142541,2
357,Benji,Haisell,bhaisell9w@washingtonpost.com,Male,196500,37
358,Elene,Toffano,etoffano9x@toplist.cz,Female,53139,10
359,Gillian,Idle,gidle9y@mozilla.org,Female,66690,21
360,Maddie,Sollars,msollars9z@paypal.com,Female,120861,14
361,Chev,Mitcham,cmitchama0@people.com.cn,Male,36244,10
362,Dennis,Lepard,dleparda1@yahoo.co.jp,Male,134188,31
363,Edlin,Cuddy,ecuddya2@xrea.com,Male,198844,33
364,Jana,Langtree,jlangtreea3@indiatimes.com,Female,163348,32
365,Giuseppe,Bontein,gbonteina4@google.es,Male,167796,18
366,Valma,Bagwell,vbagwella5@wunderground.com,Female,55260,30
367,Aubert,Henrych,ahenrycha6@hc360.com,Male,131968,30
368,Norrie,Doonican,ndoonicana7@nasa.gov,Female,134925,2
369,Orville,Swindlehurst,oswindlehursta8@amazon.co.uk,Male,154447,19
370,Ennis,Zupo,ezupoa9@xrea.com,Genderfluid,63783,39
371,Kettie,Rowthorn,krowthornaa@salon.com,Female,199415,8
372,Betsey,Chatterton,bchattertonab@edublogs.org,Female,144552,33
373,Noemi,Redmell,nredmellac@about.com,Female,197879,24
374,Terri,Rollo,trolload@sfgate.com,Male,31107,16
375,Packston,Sterte,psterteae@altervista.org,Male,88658,29
376,Dorie,Mixture,dmixtureaf@vk.com,Non-binary,133741,21
377,Frederico,Olsson,folssonag@google.com,Male,139586,26
378,Phylis,Skirrow,pskirrowah@i2i.jp,Female,196187,23
379,Artemus,Epdell,aepdellai@bigcartel.com,Male,199107,25
380,Theresa,Gibbard,tgibbardaj@wsj.com,Female,55477,17
381,Edgardo,Lillicrop,elillicropak@reverbnation.com,Genderqueer,42372,4
382,Johanna,Gonnard,jgonnardal@auda.org.au,Bigender,191282,5
383,Xerxes,McFarlane,xmcfarlaneam@parallels.com,Male,182679,21
384,Annora,Musto,amustoan@printfriendly.com,Bigender,185099,24
385,Englebert,Molden,emoldenao@deviantart.com,Male,150911,31
386,Kimberli,O'Gavin,kogavinap@senate.gov,Female,30700,39
387,Lira,Fairholme,lfairholmeaq@virginia.edu,Female,145499,37
388,Edwin,Sitwell,esitwellar@prnewswire.com,Male,84745,8
389,Payton,Danzig,pdanzigas@skype.com,Male,133861,20
390,Dario,Liley,dlileyat@time.com,Male,141059,29
391,Bendicty,Toby,btobyau@smh.com.au,Male,111991,1
392,Becka,Morgan,bmorganav@google.fr,Female,94614,33
393,Odele,Scotchmor,oscotchmoraw@sphinn.com,Female,85250,12
394,Gerry,Hattersley,ghattersleyax@ibm.com,Male,197747,39
395,Jedidiah,Gentsch,jgentschay@bbb.org,Genderqueer,95005,4
396,Fred,Jarrard,fjarrardaz@usatoday.com,Female,147129,16
397,Broddie,Blaksland,bblakslandb0@sfgate.com,Male,51259,24
398,Corinne,Formilli,cformillib1@craigslist.org,Female,36841,34
399,Florida,Duding,fdudingb2@xing.com,Female,102951,17
400,Davey,Ibbett,dibbettb3@goo.gl,Male,113031,36
401,Gabriel,Rudolph,grudolphb4@diigo.com,Female,132432,2
402,Bride,Pacheco,bpachecob5@infoseek.co.jp,Female,130882,2
403,Thatcher,Bowick,tbowickb6@privacy.gov.au,Male,141968,30
404,Neel,Linfield,nlinfieldb7@netlog.com,Male,53577,9
405,Spenser,Zarfat,szarfatb8@ebay.co.uk,Male,67473,2
406,Cheston,Evert,cevertb9@people.com.cn,Bigender,141478,8
407,Renelle,Spincks,rspincksba@squidoo.com,Female,107745,22
408,Jessie,Bugdell,jbugdellbb@taobao.com,Female,199907,30
409,Estelle,Painten,epaintenbc@earthlink.net,Female,52814,4
410,Gianina,Durek,gdurekbd@pagesperso-orange.fr,Female,140955,7
411,Modestia,Kroll,mkrollbe@ihg.com,Female,176898,15
412,Adelle,Rowly,arowlybf@loc.gov,Female,152331,23
413,Rayner,Cutler,rcutlerbg@fema.gov,Male,162466,38
414,Valida,Mowen,vmowenbh@printfriendly.com,Female,82381,3
415,Janeen,Mathely,jmathelybi@wiley.com,Female,184798,2
416,Eric,Delooze,edeloozebj@auda.org.au,Male,53478,32
417,Jedidiah,Ianno,jiannobk@exblog.jp,Male,84756,31
418,Murdoch,Sabbatier,msabbatierbl@dagondesign.com,Male,51771,15
419,Gilberto,De Blasiis,gdeblasiisbm@hexun.com,Male,146218,21
420,Olympia,Yukhnov,oyukhnovbn@columbia.edu,Non-binary,90143,1
421,Toni,Sidry,tsidrybo@elpais.com,Female,107597,29
422,Anabelle,Vannini,avanninibp@lulu.com,Female,161387,8
423,Ilka,Borman,ibormanbq@cloudflare.com,Female,81795,4
424,Ky,Anthiftle,kanthiftlebr@ucla.edu,Male,77249,21
425,Lenard,Barrat,lbarratbs@yahoo.co.jp,Male,101378,12
426,Melesa,Wixon,mwixonbt@usda.gov,Female,80449,7
427,Fritz,Keeping,fkeepingbu@ebay.co.uk,Male,74457,32
428,Dunn,MacGebenay,dmacgebenaybv@bizjournals.com,Male,134225,13
429,Ronnie,Peaple,rpeaplebw@uol.com.br,Male,174586,8
430,Mariejeanne,Davydenko,mdavydenkobx@abc.net.au,Female,102806,38
431,Phillip,Popelay,ppopelayby@utexas.edu,Male,64097,2
432,Rhianna,Lambal,rlambalbz@geocities.jp,Female,101855,39
433,Oliviero,Doberer,odobererc0@washingtonpost.com,Male,93613,39
434,Cassey,Janse,cjansec1@tuttocitta.it,Female,71514,35
435,Mandel,Wulfinger,mwulfingerc2@parallels.com,Male,45170,39
436,Lindsey,Thirlwell,lthirlwellc3@whitehouse.gov,Female,143262,33
437,Leelah,Edmons,ledmonsc4@upenn.edu,Female,85997,24
438,Chevalier,Kinnerk,ckinnerkc5@salon.com,Male,35429,34
439,Hertha,Grisard,hgrisardc6@slideshare.net,Female,153306,9
440,Artie,Utley,autleyc7@walmart.com,Male,73285,8
441,Fidelia,Eary,fearyc8@gravatar.com,Female,119362,1
442,Ninetta,Sandry,nsandryc9@aboutads.info,Agender,118239,29
443,Zacherie,Extance,zextanceca@jimdo.com,Male,46692,6
444,Augusto,Dignan,adignancb@japanpost.jp,Male,67243,9
445,Robin,Cattrell,rcattrellcc@foxnews.com,Male,62089,13
446,Rebekah,Lau,rlaucd@imageshack.us,Female,193044,25
447,Tasha,McKimmie,tmckimmiece@google.nl,Female,130633,5
448,Nichols,Roggieri,nroggiericf@topsy.com,Male,116082,34
449,Magda,Passe,mpassecg@comsenz.com,Female,185040,4
450,Terrence,Stihl,tstihlch@hibu.com,Male,152745,32
451,Albrecht,Tomson,atomsonci@go.com,Male,181266,12
452,Irina,Nelthorpe,inelthorpecj@blogtalkradio.com,Female,87793,9
453,Emera,Elwin,eelwinck@bravesites.com,Female,110388,15
454,Laryssa,Saice,lsaicecl@prlog.org,Female,145343,35
455,Elita,Wimes,ewimescm@nifty.com,Genderfluid,91847,2
456,Roddy,Penddreth,rpenddrethcn@reverbnation.com,Male,84002,21
457,Gene,Niset,gnisetco@wikimedia.org,Male,42714,37
458,Betty,Fursland,bfurslandcp@wired.com,Female,133549,22
459,Nollie,Storrock,nstorrockcq@g.co,Male,136256,1
460,Jeannie,Studdal,jstuddalcr@woothemes.com,Female,32183,26
461,Ebeneser,Braga,ebragacs@eventbrite.com,Male,176628,23
462,Wilmar,Wabb,wwabbct@shutterfly.com,Male,191960,34
463,Evan,Olyfant,eolyfantcu@infoseek.co.jp,Male,192261,25
464,Ruben,Loadman,rloadmancv@gnu.org,Male,117348,19
465,Elsy,Itzkin,eitzkincw@hc360.com,Genderqueer,191278,32
466,Magdalene,Middleditch,mmiddleditchcx@mlb.com,Female,76779,1
467,Darlene,Tipens,dtipenscy@dyndns.org,Female,106101,24
468,Kelcie,De Anesy,kdeanesycz@alibaba.com,Polygender,160451,24
469,Wayne,Shelmerdine,wshelmerdined0@cbslocal.com,Male,74276,7
470,Remus,Nanson,rnansond1@ovh.net,Male,125578,23
471,Binky,Jonah,bjonahd2@home.pl,Male,38069,8
472,Christabel,Cattle,ccattled3@reverbnation.com,Female,104872,32
473,Stavros,Van Ross,svanrossd4@tripadvisor.com,Male,83405,8
474,Newton,Chamberlen,nchamberlend5@123-reg.co.uk,Male,104680,16
475,Chandal,Furminger,cfurmingerd6@lulu.com,Female,103051,40
476,Teriann,Hugonet,thugonetd7@prlog.org,Female,133923,17
477,Harold,Bundy,hbundyd8@unc.edu,Male,180761,37
478,Alfreda,Ales,aalesd9@businesswire.com,Female,185729,40
479,Beryle,Curnnok,bcurnnokda@list-manage.com,Female,81159,34
480,Demott,Brounsell,dbrounselldb@netscape.com,Male,43449,14
481,Shepperd,Kaveney,skaveneydc@sina.com.cn,Male,113034,3
482,Jordain,Luckwell,jluckwelldd@tinypic.com,Female,156454,10
483,Boony,Kimblin,bkimblinde@example.com,Male,89224,31
484,Brigham,Allenson,ballensondf@simplemachines.org,Male,132335,8
485,Alayne,Grosvenor,agrosvenordg@weebly.com,Female,151910,8
486,Darcy,Thomesson,dthomessondh@vkontakte.ru,Male,147204,7
487,Bar,Fagan,bfagandi@tiny.cc,Polygender,170675,20
488,Klaus,Cracknall,kcracknalldj@so-net.ne.jp,Male,182372,35
489,Bran,Giannazzi,bgiannazzidk@merriam-webster.com,Male,163690,40
490,Glenine,Cootes,gcootesdl@google.fr,Female,67337,26
491,Brion,Pitkethly,bpitkethlydm@phpbb.com,Male,75300,9
492,Heath,Cashmore,hcashmoredn@usda.gov,Female,139216,36
493,Ewan,Antonignetti,eantonignettido@marketwatch.com,Male,175808,14
494,Olvan,Awcoate,oawcoatedp@chronoengine.com,Male,184056,10
495,Roscoe,Garnsey,rgarnseydq@census.gov,Male,55646,9
496,Lauralee,Panchin,lpanchindr@hibu.com,Polygender,99595,32
497,Daphna,Penticost,dpenticostds@aboutads.info,Female,130993,39
498,Mufi,Wilshaw,mwilshawdt@cafepress.com,Agender,129148,9
499,Grace,Hilling,ghillingdu@usda.gov,Polygender,179955,12
500,Emera,Aplin,eaplindv@samsung.com,Female,169874,25
501,Hesther,Latliff,hlatliffdw@wikimedia.org,Female,125246,38
502,Thorn,Bendle,tbendledx@hostgator.com,Male,189813,36
503,Devan,Foster-Smith,dfostersmithdy@java.com,Genderqueer,191723,40
504,Avie,Tuckwood,atuckwooddz@google.com.hk,Female,115876,5
505,Oralia,Rosiello,orosielloe0@dailymotion.com,Female,112454,11
506,Giorgia,McGerr,gmcgerre1@hc360.com,Female,108541,16
507,Tedman,Blagbrough,tblagbroughe2@51.la,Non-binary,108749,12
508,Gweneth,Stodit,gstodite3@nationalgeographic.com,Female,165014,6
509,Ezequiel,Breadmore,ebreadmoree4@who.int,Male,129824,19
510,Renaud,Kynnd,rkynnde5@reuters.com,Male,72318,16
511,Jody,Bushill,jbushille6@vk.com,Male,58396,9
512,Cecily,Allibone,callibonee7@wordpress.com,Female,73251,8
513,Brien,Ghent,bghente8@vimeo.com,Male,135294,24
514,Katheryn,Rollinshaw,krollinshawe9@parallels.com,Female,192725,14
515,Land,Badham,lbadhamea@yale.edu,Male,188720,18
516,Nan,Lucio,nlucioeb@miibeian.gov.cn,Bigender,146801,7
517,Binnie,Robak,brobakec@weebly.com,Female,48013,21
518,Tabina,Scally,tscallyed@nsw.gov.au,Female,184746,23
519,Antone,Banstead,abansteadee@cbslocal.com,Male,131536,25
520,Karmen,Lawty,klawtyef@washington.edu,Female,98163,17
521,Karrie,Fayerman,kfayermaneg@odnoklassniki.ru,Female,85886,25
522,Pandora,Mowlam,pmowlameh@wordpress.com,Agender,169431,15
523,Felice,Deeson,fdeesonei@indiatimes.com,Male,176452,39
524,Allene,Loder,aloderej@sitemeter.com,Female,108342,9
525,Bonnibelle,Cleobury,bcleoburyek@ameblo.jp,Female,39889,31
526,Alix,Peaseman,apeasemanel@unicef.org,Male,117966,40
527,Phil,Vuittet,pvuittetem@nationalgeographic.com,Male,132440,7
528,Anabelle,Pendell,apendellen@biglobe.ne.jp,Female,156120,33
529,Riki,Imos,rimoseo@hp.com,Female,156780,8
530,Tanner,Tie,ttieep@discuz.net,Male,174185,29
531,Jamaal,Banbrigge,jbanbriggeeq@ucoz.com,Male,53845,7
532,Dacy,Cordova,dcordovaer@disqus.com,Female,192561,15
533,Halli,Sperwell,hsperwelles@yahoo.com,Female,128356,32
534,Godfry,Cammack,gcammacket@umn.edu,Male,71042,31
535,Blake,Silbersak,bsilbersakeu@accuweather.com,Female,101017,22
536,Marge,Layman,mlaymanev@jiathis.com,Polygender,126710,20
537,Doralin,Pilipyak,dpilipyakew@mail.ru,Female,132709,11
538,Jermain,Twiggins,jtwigginsex@flavors.me,Male,174976,32
539,Baird,Wincer,bwincerey@goo.ne.jp,Male,195688,23
540,Marsh,Orsman,morsmanez@biglobe.ne.jp,Male,169335,34
541,Carolyn,Peddel,cpeddelf0@parallels.com,Female,54773,38
542,Cliff,Hance,chancef1@networksolutions.com,Male,131588,13
543,Nissy,Kiellor,nkiellorf2@163.com,Female,121178,36
544,Torrance,Warrilow,twarrilowf3@illinois.edu,Male,76650,10
545,Evelina,Itzchaki,eitzchakif4@people.com.cn,Female,69288,6
546,Minda,Gerkens,mgerkensf5@mtv.com,Female,198052,31
547,Opal,Lerigo,olerigof6@epa.gov,Female,129709,34
548,Thornie,Duckitt,tduckittf7@google.nl,Male,96308,26
549,Bryna,Calabry,bcalabryf8@nasa.gov,Non-binary,196704,36
550,Hulda,Ofen,hofenf9@ftc.gov,Female,161753,24
551,Christie,Corzon,ccorzonfa@cdbaby.com,Male,39279,34
552,Obidiah,Mesnard,omesnardfb@baidu.com,Male,156054,5
553,Bessy,Pedrol,bpedrolfc@phpbb.com,Female,98602,35
554,Fielding,Karadzas,fkaradzasfd@themeforest.net,Male,155497,13
555,Caprice,Pifford,cpiffordfe@hugedomains.com,Female,71338,23
556,Belvia,Denziloe,bdenziloeff@bbb.org,Female,107806,4
557,Sly,Hiner,shinerfg@pen.io,Male,58503,33
558,Rhodia,Gallamore,rgallamorefh@shinystat.com,Female,165914,34
559,Leontine,Lovell,llovellfi@craigslist.org,Female,156192,20
560,Carmina,Skurm,cskurmfj@dion.ne.jp,Female,81718,11
561,Norris,Stanlake,nstanlakefk@com.com,Male,120205,22
562,Alexandre,Bayles,abaylesfl@google.pl,Male,148413,29
563,Hartwell,Mauditt,hmaudittfm@amazon.co.jp,Male,77932,19
564,Matthieu,Buffey,mbuffeyfn@who.int,Male,175273,11
565,Georgine,Bradman,gbradmanfo@4shared.com,Female,95692,5
566,Feodora,Pendreigh,fpendreighfp@stanford.edu,Female,140785,2
567,Biddy,Forestall,bforestallfq@omniture.com,Female,130573,4
568,Julissa,Iacobucci,jiacobuccifr@cnn.com,Female,182787,27
569,Garret,Baunton,gbauntonfs@bizjournals.com,Male,50316,39
570,Cam,Maruska,cmaruskaft@nydailynews.com,Female,165218,20
571,Tracee,Fullman,tfullmanfu@devhub.com,Female,185643,17
572,Normie,McCoish,nmccoishfv@alexa.com,Male,122710,36
573,Billy,Traice,btraicefw@google.de,Male,121686,9
574,Devora,Bonefant,dbonefantfx@canalblog.com,Non-binary,162285,37
575,Biron,Ayling,baylingfy@wikispaces.com,Male,88984,6
576,Durante,Granville,dgranvillefz@nydailynews.com,Male,100157,3
577,Hillary,Priestley,hpriestleyg0@tiny.cc,Male,111052,32
578,Lise,Marchelli,lmarchellig1@addtoany.com,Female,49452,24
579,Ignace,Toth,itothg2@google.ru,Male,39516,10
580,Leanora,Leak,lleakg3@admin.ch,Female,148030,34
581,Gabi,Torri,gtorrig4@deliciousdays.com,Male,89608,7
582,Stafford,Myatt,smyattg5@businessweek.com,Male,147119,11
583,Mala,Lismer,mlismerg6@networkadvertising.org,Female,184050,8
584,Kordula,Hourihan,khourihang7@ycombinator.com,Polygender,190089,40
585,Merell,Kendred,mkendredg8@blogspot.com,Male,74793,30
586,Prentice,Brickdale,pbrickdaleg9@skyrock.com,Male,173520,32
587,Dave,Squirrell,dsquirrellga@clickbank.net,Male,54862,34
588,Kenneth,Catton,kcattongb@discuz.net,Male,161902,29
589,Millisent,Tilio,mtiliogc@hc360.com,Female,113692,28
590,Rancell,Jenckes,rjenckesgd@etsy.com,Male,149706,16
591,Cele,Winman,cwinmange@wiley.com,Female,85863,33
592,Emlen,Huriche,ehurichegf@salon.com,Male,49875,5
593,Lucienne,Mansour,lmansourgg@epa.gov,Female,65035,10
594,Ronica,Lait,rlaitgh@diigo.com,Female,189051,31
595,Alexine,Bulfit,abulfitgi@ovh.net,Female,87253,40
596,Evania,Lamborn,elamborngj@typepad.com,Female,47759,15
597,Chas,Casewell,ccasewellgk@accuweather.com,Male,154820,1
598,Kimbra,Jennemann,kjennemanngl@edublogs.org,Agender,100532,10
599,Kare,Tow,ktowgm@un.org,Female,192170,29
600,Meagan,Robjents,mrobjentsgn@deliciousdays.com,Female,91257,6
601,Hyacinthia,Christophersen,hchristophersengo@liveinternet.ru,Female,143198,28
602,Chelsy,Sebrook,csebrookgp@macromedia.com,Female,193504,16
603,Brina,Vaggs,bvaggsgq@mit.edu,Female,123605,1
604,Agace,Leban,alebangr@privacy.gov.au,Female,136569,8
605,Cally,Van Halle,cvanhallegs@devhub.com,Female,153589,11
606,Ozzy,Rasch,oraschgt@apache.org,Male,77402,2
607,Clemens,Smallpiece,csmallpiecegu@over-blog.com,Male,142121,25
608,Katya,Wipfler,kwipflergv@newsvine.com,Agender,157703,24
609,Sammy,Tofanini,stofaninigw@businessweek.com,Female,49441,25
610,Naomi,Penhale,npenhalegx@gravatar.com,Polygender,31782,7
611,Ruthe,Impy,rimpygy@sina.com.cn,Female,67357,35
612,Aimee,Daltry,adaltrygz@who.int,Genderfluid,117145,22
613,Seka,Drinkeld,sdrinkeldh0@google.fr,Female,76987,5
614,Errol,Sambrook,esambrookh1@odnoklassniki.ru,Male,134934,16
615,Chaunce,Twoohy,ctwoohyh2@census.gov,Male,76329,33
616,Micaela,Strutley,mstrutleyh3@webnode.com,Female,120535,31
617,Osbert,Dunkerly,odunkerlyh4@telegraph.co.uk,Male,172798,25
618,Koenraad,Lodder,klodderh5@ehow.com,Male,101084,10
619,Liam,Fancott,lfancotth6@free.fr,Male,66385,10
620,Hunter,Cokely,hcokelyh7@tripadvisor.com,Male,51878,28
621,Chip,Georgins,cgeorginsh8@mysql.com,Male,100395,17
622,Tina,Falconer-Taylor,tfalconertaylorh9@cpanel.net,Female,101712,17
623,Juliann,Utting,juttingha@youku.com,Female,39338,1
624,Indira,Lynnett,ilynnetthb@wunderground.com,Female,167252,16
625,Jase,Kindon,jkindonhc@cloudflare.com,Agender,63877,32
626,Rodney,Rosone,rrosonehd@phpbb.com,Male,56841,24
627,Reg,Loughlin,rloughlinhe@ow.ly,Male,111561,39
628,Patience,Marjoram,pmarjoramhf@a8.net,Female,69413,5
629,Burk,Elster,belsterhg@msu.edu,Male,199844,30
630,Kelsey,Sliman,kslimanhh@123-reg.co.uk,Male,149040,7
631,Ludovika,Foskin,lfoskinhi@shutterfly.com,Female,125149,5
632,Latia,Ebben,lebbenhj@jalbum.net,Female,137780,19
633,Tab,Fullom,tfullomhk@vkontakte.ru,Polygender,185060,39
634,Vally,Salliere,vsallierehl@statcounter.com,Female,156067,9
635,Andrew,Whieldon,awhieldonhm@dagondesign.com,Male,57467,35
636,Dorolisa,Dooley,ddooleyhn@army.mil,Female,146628,23
637,Muffin,Meaker,mmeakerho@blogtalkradio.com,Female,141609,28
638,Beau,McCloud,bmccloudhp@acquirethisname.com,Male,191847,25
639,Nye,Stansbury,nstansburyhq@dell.com,Male,185414,22
640,Wilmer,Steinhammer,wsteinhammerhr@cdc.gov,Male,85568,25
641,Gorden,McAnalley,gmcanalleyhs@ameblo.jp,Male,188982,22
642,Mable,Rasell,mrasellht@dropbox.com,Female,81256,5
643,Maxy,Neising,mneisinghu@goo.ne.jp,Female,197731,34
644,Willem,Bratley,wbratleyhv@discuz.net,Male,89796,39
645,Darbee,Goundry,dgoundryhw@microsoft.com,Genderfluid,121295,26
646,Tamar,Lownie,tlowniehx@tinypic.com,Female,33404,11
647,Willem,Matous,wmatoushy@stanford.edu,Male,173567,17
648,Papagena,Quilty,pquiltyhz@fc2.com,Female,108331,26
649,Idell,Askin,iaskini0@diigo.com,Female,191377,14
650,Aurilia,Burlingham,aburlinghami1@unesco.org,Female,157003,37
651,Seward,Cowlas,scowlasi2@princeton.edu,Male,138284,8
652,Towney,McGrah,tmcgrahi3@apache.org,Male,74329,1
653,Allissa,Dewbury,adewburyi4@ebay.com,Female,147451,16
654,Ellwood,Dubery,eduberyi5@w3.org,Non-binary,125529,20
655,Correna,Artingstall,cartingstalli6@hostgator.com,Female,85318,39
656,Ofelia,Pagden,opagdeni7@ow.ly,Female,90118,12
657,Geri,Clohisey,gclohiseyi8@themeforest.net,Male,141819,10
658,Francesco,Pie,fpiei9@issuu.com,Male,162586,19
659,Meta,Bartrap,mbartrapia@spiegel.de,Female,156716,13
660,Vina,Sabberton,vsabbertonib@discuz.net,Female,31050,14
661,Tricia,Gatcliff,tgatcliffic@163.com,Female,180479,25
662,Amelita,Skidmore,askidmoreid@uiuc.edu,Female,86827,9
663,Sula,Baud,sbaudie@craigslist.org,Female,85009,10
664,Myrlene,Twell,mtwellif@facebook.com,Female,132396,33
665,Jackqueline,Heinrich,jheinrichig@upenn.edu,Female,68719,21
666,Seth,Beatty,sbeattyih@1und1.de,Male,174781,38
667,Titus,Blundin,tblundinii@yale.edu,Male,78912,34
668,Dylan,Sired,dsiredij@exblog.jp,Male,127372,9
669,Justin,Radleigh,jradleighik@wordpress.org,Genderfluid,38726,22
670,Shermie,Pentland,spentlandil@vistaprint.com,Male,172980,19
671,Jarrod,Edowes,jedowesim@nymag.com,Male,135309,24
672,Darb,Rzehorz,drzehorzin@nhs.uk,Male,77873,12
673,Geri,Larman,glarmanio@boston.com,Female,170304,1
674,Anica,McManamon,amcmanamonip@wikispaces.com,Female,65253,30
675,Weylin,Chapier,wchapieriq@princeton.edu,Male,156739,31
676,Ker,Veitch,kveitchir@forbes.com,Male,184911,36
677,Sterne,Fishbie,sfishbieis@google.pl,Male,74836,26
678,Fabe,O'Ferris,foferrisit@sbwire.com,Male,30681,27
679,Shepard,Stocken,sstockeniu@liveinternet.ru,Male,118620,5
680,Quillan,Linton,qlintoniv@wired.com,Male,62713,33
681,Dimitry,Iglesias,diglesiasiw@opera.com,Male,35275,29
682,Celestyn,Okeshott,cokeshottix@auda.org.au,Female,153891,10
683,Tyler,Riby,tribyiy@instagram.com,Male,125670,21
684,Rodger,Kofax,rkofaxiz@amazonaws.com,Male,53706,28
685,Emelita,Trowsdale,etrowsdalej0@nydailynews.com,Female,120706,32
686,Moishe,Fetherstone,mfetherstonej1@amazon.co.jp,Male,199128,32
687,Lazar,Menier,lmenierj2@biblegateway.com,Male,63173,7
688,Jaymee,Coleson,jcolesonj3@nhs.uk,Female,71929,38
689,Shoshanna,Gladdifh,sgladdifhj4@i2i.jp,Female,57505,18
690,Rene,Bracken,rbrackenj5@mozilla.org,Male,57084,22
691,Mariel,Sercombe,msercombej6@eepurl.com,Female,76421,24
692,Kincaid,Huckerby,khuckerbyj7@hubpages.com,Male,115283,40
693,Samuele,McGall,smcgallj8@so-net.ne.jp,Male,74871,33
694,Erastus,Aish,eaishj9@prlog.org,Male,88103,5
695,Jackqueline,Lukasen,jlukasenja@webnode.com,Female,97195,5
696,Scarface,Walding,swaldingjb@census.gov,Male,155629,5
697,Deny,Flement,dflementjc@qq.com,Female,186678,16
698,Angele,Vasin,avasinjd@zimbio.com,Female,155604,23
699,Webb,Mechell,wmechellje@wisc.edu,Male,188202,17
700,Katharyn,Leng,klengjf@purevolume.com,Female,154981,12
701,Gram,Hymas,ghymasjg@auda.org.au,Male,165604,21
702,Hobard,Blamphin,hblamphinjh@paypal.com,Male,70405,33
703,Rosella,McMichan,rmcmichanji@zdnet.com,Female,148692,35
704,Brandon,Errichelli,berrichellijj@cnet.com,Male,191102,6
705,Town,Khomin,tkhominjk@illinois.edu,Male,100614,17
706,Veronica,Grealey,vgrealeyjl@businessweek.com,Female,154632,10
707,Daisi,Gaiger,dgaigerjm@myspace.com,Female,189521,22
708,Ellene,Pevie,epeviejn@imgur.com,Female,59142,21
709,Avis,Pocknoll,apocknolljo@sciencedirect.com,Female,192192,5
710,Juana,O'Duane,joduanejp@ycombinator.com,Female,167862,13
711,Lotty,Tuckey,ltuckeyjq@ftc.gov,Female,121117,10
712,Clementia,Hollows,chollowsjr@qq.com,Female,58479,10
713,Anny,Eate,aeatejs@huffingtonpost.com,Female,89968,5
714,Yancey,Reder,yrederjt@google.de,Male,127208,4
715,Isahella,Aneley,ianeleyju@bravesites.com,Female,191300,4
716,Kathie,Rearden,kreardenjv@cyberchimps.com,Genderfluid,193684,22
717,Cynthea,Ruselin,cruselinjw@alexa.com,Female,144016,36
718,Vina,MacSween,vmacsweenjx@barnesandnoble.com,Female,142306,21
719,Bealle,Olney,bolneyjy@cisco.com,Polygender,68383,14
720,Mildred,Vickerman,mvickermanjz@google.cn,Female,101174,36
721,Evered,Gillogley,egillogleyk0@tripod.com,Male,53403,20
722,Tracey,Frotton,tfrottonk1@cargocollective.com,Male,76555,37
723,Brockie,Hassen,bhassenk2@reverbnation.com,Male,182565,36
724,Bradney,Brakespear,bbrakespeark3@barnesandnoble.com,Male,116785,31
725,Carmella,Darter,cdarterk4@usnews.com,Female,150256,36
726,Daniela,Tack,dtackk5@bizjournals.com,Female,68119,33
727,Sibylle,Hannond,shannondk6@surveymonkey.com,Female,104185,39
728,Giffard,Caldron,gcaldronk7@about.me,Male,150828,23
729,Leoline,Fermor,lfermork8@state.tx.us,Female,67827,18
730,Shirleen,Padillo,spadillok9@storify.com,Female,163627,3
731,Bat,Randalston,brandalstonka@yelp.com,Male,146287,9
732,Hymie,Gerald,hgeraldkb@goo.gl,Male,149650,30
733,Crichton,Bigadike,cbigadikekc@mapquest.com,Male,106470,31
734,Conrad,Ritzman,critzmankd@sitemeter.com,Male,188778,36
735,Korey,Pickwell,kpickwellke@bravesites.com,Male,182851,3
736,Chic,Verlinden,cverlindenkf@cam.ac.uk,Male,60946,23
737,Neron,Pauwel,npauwelkg@google.cn,Male,73166,8
738,Bernete,Clive,bclivekh@japanpost.jp,Female,126701,3
739,Krisha,Crucitti,kcrucittiki@oaic.gov.au,Male,110475,28
740,Cinnamon,Puttergill,cputtergillkj@purevolume.com,Female,104104,16
741,Aguistin,Darthe,adarthekk@ehow.com,Male,192268,35
742,Noble,Rate,nratekl@xinhuanet.com,Male,133280,35
743,Isador,Pratte,iprattekm@paypal.com,Male,119651,3
744,Burgess,Weems,bweemskn@skyrock.com,Male,95456,33
745,Lona,Chsteney,lchsteneyko@myspace.com,Female,160046,28
746,Annie,Soppeth,asoppethkp@miibeian.gov.cn,Female,40113,20
747,Lennard,Craster,lcrasterkq@baidu.com,Male,142850,21
748,Sigismund,Cornelis,scorneliskr@wisc.edu,Male,173718,36
749,Nicolette,Palke,npalkeks@illinois.edu,Female,44376,35
750,Juliane,Offord,joffordkt@wikia.com,Polygender,92120,23
751,Constantine,Kantor,ckantorku@sohu.com,Male,30442,35
752,Karie,Heitz,kheitzkv@blinklist.com,Female,176115,14
753,Lee,Purrier,lpurrierkw@stanford.edu,Male,80416,14
754,Sibley,Powrie,spowriekx@abc.net.au,Female,178266,2
755,Caressa,Byrd,cbyrdky@youku.com,Female,135139,16
756,Sasha,Klimov,sklimovkz@chron.com,Female,78868,30
757,Zulema,Bassam,zbassaml0@ftc.gov,Female,189245,12
758,Abagail,Walewski,awalewskil1@kickstarter.com,Female,62075,28
759,Milt,Harman,mharmanl2@diigo.com,Bigender,130111,3
760,Irene,Youd,iyoudl3@china.com.cn,Female,161160,7
761,Vanya,Oake,voakel4@geocities.jp,Female,163277,9
762,Katinka,McCarrell,kmccarrelll5@npr.org,Female,105467,5
763,Juli,Coltart,jcoltartl6@qq.com,Female,84869,31
764,Erwin,Lund,elundl7@angelfire.com,Male,55046,38
765,Dennison,Deeson,ddeesonl8@simplemachines.org,Male,152471,36
766,Cathryn,Winslow,cwinslowl9@cocolog-nifty.com,Female,192287,37
767,Shae,Aistrop,saistropla@youtu.be,Genderfluid,101065,21
768,Bili,Pownall,bpownalllb@yandex.ru,Female,104827,3
769,Tudor,Ghio,tghiolc@oracle.com,Male,184251,15
770,Cristen,Stinchcombe,cstinchcombeld@mediafire.com,Agender,75110,11
771,Sheelah,Kinsella,skinsellale@ucoz.com,Female,183443,18
772,Hanan,Clemont,hclemontlf@mashable.com,Male,113331,30
773,York,Jodlowski,yjodlowskilg@mediafire.com,Agender,44247,33
774,Susie,Kirkpatrick,skirkpatricklh@php.net,Female,101984,32
775,Husain,Ortler,hortlerli@about.com,Male,76838,30
776,Amie,MacCrachen,amaccrachenlj@prlog.org,Agender,110656,2
777,Hill,Given,hgivenlk@blog.com,Male,88720,8
778,Tiebout,Bough,tboughll@foxnews.com,Male,58101,35
779,Celestine,Brewitt,cbrewittlm@statcounter.com,Female,196939,9
780,Mattie,Alflat,malflatln@engadget.com,Male,152690,25
781,Paddie,Hounsom,phounsomlo@elegantthemes.com,Male,47676,28
782,Wendel,Skurm,wskurmlp@miitbeian.gov.cn,Male,117093,1
783,Hedvig,Ivery,hiverylq@xing.com,Female,173908,13
784,Nester,Ravilus,nraviluslr@gmpg.org,Male,118738,19
785,Bellanca,Walisiak,bwalisiakls@narod.ru,Female,96847,25
786,Corrie,Janicek,cjaniceklt@comcast.net,Female,36779,39
787,Eldridge,Bamell,ebamelllu@about.com,Male,179157,13
788,Corbin,Narrie,cnarrielv@mtv.com,Male,129341,30
789,Candide,Lye,clyelw@census.gov,Agender,112706,5
790,Thaddeus,Moryson,tmorysonlx@cbc.ca,Male,63841,38
791,Adiana,Crewther,acrewtherly@merriam-webster.com,Agender,196257,27
792,Town,Davidovic,tdavidoviclz@jalbum.net,Male,165791,13
793,Burty,Skillington,bskillingtonm0@uiuc.edu,Male,42165,34
794,Darlleen,Kennerknecht,dkennerknechtm1@dailymotion.com,Genderqueer,32529,33
795,Jacintha,Pahler,jpahlerm2@ask.com,Female,73075,15
796,Guenna,Beynke,gbeynkem3@springer.com,Female,183028,2
797,Sula,Greenfield,sgreenfieldm4@illinois.edu,Female,111811,37
798,Morey,Weldon,mweldonm5@ebay.co.uk,Male,108470,31
799,Base,Threader,bthreaderm6@toplist.cz,Male,169557,28
800,Phoebe,Livesley,plivesleym7@tinyurl.com,Female,96145,40
801,Eleanore,Fraine,efrainem8@google.com,Female,36099,4
802,Blake,Pury,bpurym9@barnesandnoble.com,Bigender,108862,33
803,Lay,Streak,lstreakma@xrea.com,Male,181926,12
804,Barry,Ramet,brametmb@army.mil,Female,94417,38
805,Renaud,Worlock,rworlockmc@who.int,Male,114887,31
806,Raymond,Migheli,rmighelimd@unc.edu,Agender,178908,30
807,Ode,Murname,omurnameme@sbwire.com,Male,42799,8
808,Shelby,Shurrocks,sshurrocksmf@fc2.com,Male,31568,38
809,Rodie,Keese,rkeesemg@stumbleupon.com,Female,69825,6
810,Roselle,Robecon,rrobeconmh@list-manage.com,Female,154177,32
811,Gunner,Tyres,gtyresmi@rambler.ru,Male,123364,7
812,Cati,Asple,casplemj@feedburner.com,Female,160959,11
813,Odette,Ahlin,oahlinmk@microsoft.com,Genderfluid,55018,30
814,Benedikta,Dorken,bdorkenml@multiply.com,Polygender,179724,21
815,Hallie,Wyldes,hwyldesmm@sourceforge.net,Female,89615,25
816,Ivory,Matus,imatusmn@edublogs.org,Female,81174,3
817,Bonnibelle,Dubique,bdubiquemo@myspace.com,Female,75419,19
818,Fairleigh,Denecamp,fdenecampmp@cocolog-nifty.com,Male,145988,8
819,Halimeda,Stacey,hstaceymq@wikipedia.org,Female,82035,27
820,Vivianne,Lombardo,vlombardomr@forbes.com,Female,76421,28
821,Bianca,Andrews,bandrewsms@bbb.org,Female,70860,21
822,Othello,Smallacombe,osmallacombemt@cam.ac.uk,Male,68968,20
823,Hoebart,Case,hcasemu@bbc.co.uk,Male,65589,6
824,Tanner,Ranyell,tranyellmv@fda.gov,Male,56482,7
825,Sayres,Lile,slilemw@ocn.ne.jp,Male,94409,22
826,Prentiss,Corcut,pcorcutmx@unicef.org,Male,190620,8
827,Chelsey,Voisey,cvoiseymy@lycos.com,Female,109074,3
828,Bobbi,Farfalameev,bfarfalameevmz@alexa.com,Female,70552,6
829,Karalee,Breeds,kbreedsn0@geocities.com,Female,162587,15
830,Margalo,Hedin,mhedinn1@booking.com,Female,147292,40
831,Barnett,Aymeric,baymericn2@ucoz.com,Male,187626,18
832,Joletta,Leidl,jleidln3@jigsy.com,Female,93414,4
833,Farleigh,Canon,fcanonn4@dyndns.org,Male,160905,30
834,Alyda,Baggot,abaggotn5@bloglines.com,Female,148866,26
835,Charin,Ivan,civann6@feedburner.com,Female,70763,6
836,Theresina,Sadat,tsadatn7@wunderground.com,Bigender,32843,39
837,Iago,Geraudy,igeraudyn8@guardian.co.uk,Male,148487,8
838,Dehlia,Blanning,dblanningn9@jiathis.com,Female,120518,28
839,Evie,Berkley,eberkleyna@china.com.cn,Female,155158,34
840,Burnard,Verlander,bverlandernb@globo.com,Male,118408,23
841,Em,Gabriel,egabrielnc@feedburner.com,Male,49810,7
842,Ruggiero,Withers,rwithersnd@tiny.cc,Male,97919,7
843,Shermie,Golby,sgolbyne@kickstarter.com,Male,128515,31
844,Vina,Varah,vvarahnf@accuweather.com,Female,48301,20
845,Vaughan,Latek,vlatekng@yolasite.com,Bigender,79582,14
846,Rosemary,Wordesworth,rwordesworthnh@umn.edu,Female,187866,39
847,Shep,Mosco,smosconi@woothemes.com,Male,183275,36
848,Alma,Dechelle,adechellenj@flickr.com,Female,113779,40
849,Cort,Applewhite,capplewhitenk@dailymotion.com,Male,101665,29
850,Roger,Clucas,rclucasnl@bluehost.com,Male,192456,10
851,Sullivan,Wootton,swoottonnm@ebay.com,Male,193162,20
852,John,Farley,jfarleynn@google.com.hk,Male,97580,40
853,Kym,Stillert,kstillertno@wufoo.com,Bigender,109939,25
854,Davida,Baldassi,dbaldassinp@loc.gov,Female,114650,37
855,Vin,Gerauld,vgerauldnq@i2i.jp,Female,101444,27
856,Odella,Heasman,oheasmannr@weather.com,Bigender,52603,5
857,Lucretia,Lorincz,llorinczns@printfriendly.com,Female,53617,35
858,Emalee,Isabell,eisabellnt@opensource.org,Female,86109,29
859,Sawyer,Prynne,sprynnenu@newsvine.com,Male,156445,2
860,Amery,Sarath,asarathnv@indiegogo.com,Male,109591,4
861,Rudd,Floris,rflorisnw@amazon.de,Male,196947,23
862,Rowan,Gibbins,rgibbinsnx@netvibes.com,Male,49806,14
863,Richmound,Aharoni,raharoniny@barnesandnoble.com,Male,39875,11
864,Doris,Lowing,dlowingnz@nydailynews.com,Female,109855,18
865,Van,Luberti,vlubertio0@mediafire.com,Genderqueer,162844,16
866,Lorraine,Matteini,lmatteinio1@csmonitor.com,Genderqueer,45242,3
867,Nicoli,Coppin,ncoppino2@cdbaby.com,Female,86902,19
868,Noelyn,Cunnah,ncunnaho3@nationalgeographic.com,Female,129958,18
869,Lorens,Hirjak,lhirjako4@cloudflare.com,Male,120965,2
870,Juanita,Redfearn,jredfearno5@creativecommons.org,Female,190437,7
871,Leonid,Dakers,ldakerso6@deliciousdays.com,Male,59594,29
872,Shena,Fasse,sfasseo7@princeton.edu,Genderqueer,118146,16
873,Betty,Golland,bgollando8@pcworld.com,Female,145626,29
874,Mitchael,Hynson,mhynsono9@marketwatch.com,Male,133428,15
875,Immanuel,Chawkley,ichawkleyoa@sogou.com,Male,136895,25
876,Mariellen,Hawtry,mhawtryob@taobao.com,Female,127884,27
877,Coleman,Thornthwaite,cthornthwaiteoc@skype.com,Male,194121,27
878,Vitoria,Moir,vmoirod@soup.io,Female,72446,14
879,Kara,MacQuaker,kmacquakeroe@bizjournals.com,Genderfluid,79497,19
880,Bessie,Hatch,bhatchof@bbb.org,Bigender,79355,21
881,Franzen,Catanheira,fcatanheiraog@php.net,Male,107497,6
882,Marlene,Leavey,mleaveyoh@technorati.com,Female,126167,34
883,Nico,Mongan,nmonganoi@ca.gov,Male,119988,22
884,Hillery,Chadbourn,hchadbournoj@github.com,Non-binary,71248,24
885,Morten,Furmston,mfurmstonok@skyrock.com,Male,176723,31
886,Shellysheldon,Soule,ssouleol@ustream.tv,Male,133891,10
887,Lacy,Yeell,lyeellom@wikimedia.org,Non-binary,123024,37
888,Fredric,Skip,fskipon@biblegateway.com,Male,190191,14
889,Garner,Bannister,gbannisteroo@utexas.edu,Genderqueer,60572,21
890,Van,Worcester,vworcesterop@cyberchimps.com,Female,124829,34
891,Shelli,Beche,sbecheoq@webs.com,Female,36260,21
892,Alyda,Hutchin,ahutchinor@weather.com,Female,31706,14
893,Charlean,Piatkowski,cpiatkowskios@redcross.org,Female,112000,12
894,Lyndsey,Vaen,lvaenot@netlog.com,Female,195479,40
895,Ebony,Nissle,enissleou@gravatar.com,Polygender,95484,34
896,Kaiser,McGorman,kmcgormanov@cpanel.net,Male,39696,29
897,Jesselyn,Skerm,jskermow@booking.com,Female,36321,37
898,Abel,Sinney,asinneyox@lycos.com,Male,43739,26
899,Cindy,Di Bernardo,cdibernardooy@discovery.com,Female,83437,15
900,Stephanus,Iacabucci,siacabuccioz@miibeian.gov.cn,Male,99125,14
901,Delaney,Blay,dblayp0@opensource.org,Male,45812,20
902,Yanaton,Scarsbrook,yscarsbrookp1@umn.edu,Male,47839,7
903,Pasquale,Sarten,psartenp2@ebay.com,Male,136787,28
904,Magda,Boddymead,mboddymeadp3@bravesites.com,Female,118583,1
905,Jarret,Bretland,jbretlandp4@nasa.gov,Male,134155,1
906,Worden,Ludewig,wludewigp5@hibu.com,Male,80621,36
907,Shaun,Cornelleau,scornelleaup6@dagondesign.com,Agender,66033,16
908,Liz,Thorwarth,lthorwarthp7@answers.com,Female,194726,15
909,Terencio,Duffy,tduffyp8@yelp.com,Male,176990,19
910,Ajay,Jarred,ajarredp9@etsy.com,Female,104636,17
911,Jdavie,Baxendale,jbaxendalepa@youku.com,Male,81357,8
912,Bendicty,Gosden,bgosdenpb@t-online.de,Male,87748,34
913,Lance,Gouinlock,lgouinlockpc@infoseek.co.jp,Male,199565,5
914,Ines,Althorp,ialthorppd@irs.gov,Female,171656,4
915,Colver,Langlois,clangloispe@smugmug.com,Male,85101,15
916,Meredeth,Pasquale,mpasqualepf@ustream.tv,Male,63738,3
917,Arabelle,Renforth,arenforthpg@quantcast.com,Female,97080,1
918,Joachim,Feasey,jfeaseyph@furl.net,Male,197320,29
919,Urson,Kenwyn,ukenwynpi@zimbio.com,Male,30488,36
920,Nefen,Linnell,nlinnellpj@cpanel.net,Male,154458,29
921,Regine,Spaven,rspavenpk@mozilla.org,Female,180197,34
922,Dwight,Shankster,dshanksterpl@discovery.com,Male,126270,36
923,Pooh,Eaddy,peaddypm@sciencedaily.com,Female,89144,24
924,Jennine,Kingerby,jkingerbypn@answers.com,Female,105958,21
925,Elysia,Wines,ewinespo@smh.com.au,Female,86844,18
926,Annabela,Hanalan,ahanalanpp@mail.ru,Female,157512,35
927,Karen,Lefeuvre,klefeuvrepq@w3.org,Female,190876,30
928,Percival,Rochell,prochellpr@github.com,Male,78493,28
929,Adora,Mountjoy,amountjoyps@hibu.com,Female,44027,16
930,Elisha,Drysdall,edrysdallpt@google.nl,Agender,143336,31
931,Adaline,Joel,ajoelpu@dropbox.com,Female,163174,20
932,Tori,Whilde,twhildepv@eventbrite.com,Female,91553,34
933,Robena,Kenningham,rkenninghampw@loc.gov,Female,36395,26
934,Lesli,Pesek,lpesekpx@sina.com.cn,Female,164990,1
935,Virginie,Andrzejak,vandrzejakpy@omniture.com,Female,78200,35
936,Judon,Janjusevic,jjanjusevicpz@jalbum.net,Male,135225,31
937,Frazier,Deshorts,fdeshortsq0@cmu.edu,Male,79430,16
938,Raimundo,Bloschke,rbloschkeq1@phoca.cz,Male,179006,6
939,Valene,de Vaen,vdevaenq2@de.vu,Female,86125,34
940,Neila,Fassbender,nfassbenderq3@amazonaws.com,Female,154516,12
941,Ingelbert,Gopsall,igopsallq4@cdc.gov,Male,76120,16
942,Zach,Bransby,zbransbyq5@state.gov,Male,99263,37
943,Hebert,Redhead,hredheadq6@webnode.com,Male,94507,2
944,Rhodia,Bicknell,rbicknellq7@blinklist.com,Female,164505,8
945,Patricio,Hacard,phacardq8@bandcamp.com,Male,109580,27
946,Jamey,McCorry,jmccorryq9@berkeley.edu,Male,86746,24
947,Shelden,Madgwick,smadgwickqa@sitemeter.com,Male,187667,30
948,Duffy,Aitkin,daitkinqb@nytimes.com,Male,87236,13
949,Gilly,Billiard,gbilliardqc@odnoklassniki.ru,Female,124530,8
950,Samantha,Wooff,swooffqd@acquirethisname.com,Female,64271,8
951,Solomon,Griswood,sgriswoodqe@artisteer.com,Male,144462,24
952,Franciskus,Dufty,fduftyqf@miibeian.gov.cn,Male,40293,19
953,Vivianne,Kelk,vkelkqg@photobucket.com,Female,178226,36
954,Archy,Blackford,ablackfordqh@youku.com,Male,87166,39
955,Tildy,Nealon,tnealonqi@drupal.org,Female,31903,40
956,Arnoldo,Martina,amartinaqj@amazon.com,Male,120070,6
957,Greggory,Hucker,ghuckerqk@tinypic.com,Male,131055,38
958,Guendolen,Andreuzzi,gandreuzziql@slashdot.org,Female,177209,22
959,Ardyce,Smythin,asmythinqm@cornell.edu,Female,37364,31
960,Gene,Buntin,gbuntinqn@apache.org,Male,192398,12
961,Stacy,Gammell,sgammellqo@blogger.com,Female,148589,6
962,Karee,Saur,ksaurqp@home.pl,Female,60049,5
963,Berkie,Dunge,bdungeqq@ycombinator.com,Male,74337,35
964,Iorgo,Yokel,iyokelqr@feedburner.com,Male,171755,12
965,Vail,Finlayson,vfinlaysonqs@plala.or.jp,Male,92420,31
966,Eugenio,Fauguel,efauguelqt@state.tx.us,Male,184080,33
967,Willdon,Elsie,welsiequ@blinklist.com,Bigender,97083,20
968,Benoite,Marians,bmariansqv@google.es,Female,111965,17
969,Dalston,Liddell,dliddellqw@twitpic.com,Male,81887,2
970,Kayley,Baskerfield,kbaskerfieldqx@imgur.com,Female,143970,24
971,Ede,Sanderson,esandersonqy@disqus.com,Female,70972,3
972,Baldwin,Callf,bcallfqz@go.com,Male,89374,24
973,Dania,Risdall,drisdallr0@indiatimes.com,Female,90333,11
974,Gar,Waldron,gwaldronr1@flickr.com,Agender,195191,12
975,Happy,Albers,halbersr2@dmoz.org,Female,182877,8
976,Andra,Djekovic,adjekovicr3@upenn.edu,Female,161281,25
977,Kingsly,Blundin,kblundinr4@fastcompany.com,Male,198609,19
978,Jose,Sprakes,jsprakesr5@vistaprint.com,Male,154126,33
979,Eli,Slimings,eslimingsr6@ocn.ne.jp,Male,111638,15
980,Morlee,Chichgar,mchichgarr7@t-online.de,Male,178629,4
981,Lucas,Sandys,lsandysr8@fastcompany.com,Male,72044,26
982,Enrico,O'Doghesty,eodoghestyr9@salon.com,Male,101022,3
983,Hollis,Siveter,hsiveterra@skype.com,Male,141044,23
984,Lorna,Kloska,lkloskarb@cbsnews.com,Female,137716,17
985,Orton,Weedenburg,oweedenburgrc@yolasite.com,Male,153664,2
986,Krishnah,Cayton,kcaytonrd@weibo.com,Male,126345,31
987,Morty,Doig,mdoigre@ihg.com,Male,122312,26
988,Allan,Mintrim,amintrimrf@usatoday.com,Male,58791,10
989,Tudor,Domone,tdomonerg@slate.com,Male,191913,19
990,Constantine,Schmuhl,cschmuhlrh@merriam-webster.com,Male,129489,10
991,Kurt,Reardon,kreardonri@facebook.com,Male,128110,8
992,Teddie,Cruce,tcrucerj@hp.com,Female,124706,18
993,Wallache,Furnival,wfurnivalrk@nih.gov,Genderfluid,151495,7
994,Kim,Baitey,kbaiteyrl@yelp.com,Agender,165011,38
995,Gilly,Ellcome,gellcomerm@home.pl,Female,152850,30
996,Simonne,Meysham,smeyshamrn@boston.com,Female,131935,24
997,Karlik,Carass,kcarassro@apache.org,Male,151945,4
998,Alfred,Crow,acrowrp@nba.com,Male,167680,10
999,Blancha,Trippick,btrippickrq@parallels.com,Female,84258,20
1000,Rickie,Labrow,rlabrowrr@vimeo.com,Bigender,95885,22
